{
"type": "FeatureCollection",
"name": "buildings",
"crs": { "type": "name", "properties": { "name": "urn:ogc:def:crs:EPSG::32619" } },
"features": [
{ "type": "Feature", "properties": { }, "geometry": { "type": "Polygon", "coordinates": [ [ [ 259005.464, 2534875.19 ], [ 259003.065, 2534865.995000000111759 ], [ 259005.761999999987893, 2534863.248999999836087 ], [ 259008.089, 2534862.566999999806285 ], [ 259011.810999999986961, 2534866.197999999858439 ], [ 259012.872, 2534874.74599999981001 ], [ 259007.892, 2534876.284 ], [ 259005.464, 2534875.19 ] ] ] } },
{ "type": "Feature", "properties": { }, "geometry": { "type": "Polygon", "coordinates": [ [ [ 258935.998, 2535052.454 ], [ 258931.233, 2535045.92 ], [ 258933.836000000010245, 2535037.582 ], [ 258940.399, 2535030.453000000212342 ], [ 258942.378, 2535029.470000000204891 ], [ 258949.208000000013271, 2535026.271000000182539 ], [ 258949.912000000011176, 2535026.699 ], [ 258951.138, 2535028.257000000216067 ], [ 258949.435, 2535046.12099999981001 ], [ 258947.766, 2535048.242 ], [ 258942.222, 2535053.509999999776483 ], [ 258939.067000000010012, 2535053.037 ], [ 258935.998, 2535052.454 ] ] ] } },
{ "type": "Feature", "properties": { }, "geometry": { "type": "Polygon", "coordinates": [ [ [ 258741.097, 2534952.954 ], [ 258737.783, 2534958.160999999847263 ], [ 258719.679, 2534969.083999999798834 ], [ 258718.044, 2534969.383 ], [ 258716.415, 2534968.699 ], [ 258714.956, 2534967.023 ], [ 258714.089, 2534965.06 ], [ 258710.502, 2534949.114 ], [ 258710.49299999998766, 2534947.356999999843538 ], [ 258710.807, 2534941.154 ], [ 258712.16, 2534939.798 ], [ 258714.176, 2534938.06 ], [ 258737.560999999986961, 2534950.508 ], [ 258741.097, 2534952.954 ] ] ] } },
{ "type": "Feature", "properties": { }, "geometry": { "type": "Polygon", "coordinates": [ [ [ 258616.931000000011409, 2535319.818 ], [ 258612.372, 2535308.381 ], [ 258614.038, 2535305.455999999772757 ], [ 258621.788, 2535298.393000000156462 ], [ 258623.384, 2535297.525 ], [ 258625.701, 2535300.541000000201166 ], [ 258626.901000000012573, 2535302.242999999783933 ], [ 258627.847, 2535309.33600000012666 ], [ 258621.389, 2535318.977 ], [ 258619.623, 2535321.126999999862164 ], [ 258618.679, 2535320.68099999986589 ], [ 258616.931000000011409, 2535319.818 ] ] ] } },
{ "type": "Feature", "properties": { }, "geometry": { "type": "Polygon", "coordinates": [ [ [ 259144.016, 2535292.44400000013411 ], [ 259138.209, 2535295.994 ], [ 259131.54, 2535294.697999999858439 ], [ 259129.303000000014435, 2535291.225999999791384 ], [ 259129.226, 2535288.393999999854714 ], [ 259139.009, 2535288.435 ], [ 259140.261999999987893, 2535289.24599999981001 ], [ 259144.016, 2535292.44400000013411 ] ] ] } },
{ "type": "Feature", "properties": { }, "geometry": { "type": "Polygon", "coordinates": [ [ [ 258823.866, 2535248.950000000186265 ], [ 258827.649, 2535252.308000000193715 ], [ 258824.371000000013737, 2535256.398 ], [ 258822.416, 2535256.467000000178814 ], [ 258821.505, 2535254.930000000167638 ], [ 258821.566, 2535251.767 ], [ 258823.866, 2535248.950000000186265 ] ] ] } },
{ "type": "Feature", "properties": { }, "geometry": { "type": "Polygon", "coordinates": [ [ [ 258715.975, 2535069.818 ], [ 258736.025, 2535069.325999999884516 ], [ 258738.276000000012573, 2535071.799000000115484 ], [ 258739.54, 2535084.481000000145286 ], [ 258735.038999999989755, 2535089.589000000152737 ], [ 258733.752, 2535090.478000000119209 ], [ 258718.24299999998766, 2535094.821 ], [ 258712.889, 2535093.477 ], [ 258705.761, 2535083.841 ], [ 258705.946999999985565, 2535081.785999999847263 ], [ 258708.465, 2535075.055000000167638 ], [ 258715.975, 2535069.818 ] ] ] } },
{ "type": "Feature", "properties": { }, "geometry": { "type": "Polygon", "coordinates": [ [ [ 258623.865, 2535295.259999999776483 ], [ 258629.928000000014435, 2535288.438999999780208 ], [ 258641.177, 2535278.211999999824911 ], [ 258642.037000000011176, 2535278.487999999895692 ], [ 258645.045000000012806, 2535282.856000000145286 ], [ 258645.234, 2535288.765000000130385 ], [ 258643.214, 2535293.048 ], [ 258636.230000000010477, 2535296.889 ], [ 258631.64000000001397, 2535296.751000000163913 ], [ 258623.865, 2535295.259999999776483 ] ] ] } },
{ "type": "Feature", "properties": { }, "geometry": { "type": "Polygon", "coordinates": [ [ [ 259126.774, 2534902.878 ], [ 259137.988000000012107, 2534907.344 ], [ 259136.530999999988126, 2534909.901999999769032 ], [ 259132.176, 2534914.583999999798834 ], [ 259126.568999999988591, 2534918.978000000119209 ], [ 259086.839, 2534943.579 ], [ 259081.888, 2534942.930000000167638 ], [ 259081.23499999998603, 2534942.816000000108033 ], [ 259080.745, 2534941.833999999798834 ], [ 259080.685, 2534937.779 ], [ 259092.877, 2534918.086999999824911 ], [ 259094.122, 2534916.688 ], [ 259105.788999999989755, 2534909.617999999783933 ], [ 259125.222, 2534902.546999999787658 ], [ 259126.774, 2534902.878 ] ] ] } },
{ "type": "Feature", "properties": { }, "geometry": { "type": "Polygon", "coordinates": [ [ [ 258925.964, 2535074.183000000193715 ], [ 258927.821999999985565, 2535065.207 ], [ 258930.212, 2535059.626999999862164 ], [ 258943.75099999998929, 2535061.273 ], [ 258944.336000000010245, 2535064.80599999986589 ], [ 258945.204, 2535075.096 ], [ 258937.503, 2535088.444999999832362 ], [ 258936.517, 2535089.023 ], [ 258933.155, 2535087.119 ], [ 258925.964, 2535074.183000000193715 ] ] ] } },
{ "type": "Feature", "properties": { }, "geometry": { "type": "Polygon", "coordinates": [ [ [ 258649.383, 2535274.122 ], [ 258631.81, 2535262.791999999899417 ], [ 258615.893000000010943, 2535250.386 ], [ 258615.528, 2535249.654999999795109 ], [ 258615.702, 2535248.736 ], [ 258623.144999999989523, 2535243.693 ], [ 258628.50700000001234, 2535243.221 ], [ 258667.924, 2535247.631 ], [ 258670.932, 2535253.404999999795109 ], [ 258666.269999999989523, 2535259.12099999981001 ], [ 258652.764, 2535271.526 ], [ 258649.383, 2535274.122 ] ] ] } },
{ "type": "Feature", "properties": { }, "geometry": { "type": "Polygon", "coordinates": [ [ [ 258622.96, 2535106.162 ], [ 258631.067000000010012, 2535076.168 ], [ 258693.385, 2535080.964999999850988 ], [ 258698.019999999989523, 2535082.489 ], [ 258697.041999999986729, 2535086.673 ], [ 258696.199, 2535088.833999999798834 ], [ 258692.517, 2535094.994 ], [ 258691.818, 2535095.937 ], [ 258661.832, 2535135.188 ], [ 258654.662000000011176, 2535138.731999999843538 ], [ 258652.306000000011409, 2535138.44 ], [ 258651.318, 2535137.742 ], [ 258622.96, 2535106.162 ] ] ] } },
{ "type": "Feature", "properties": { }, "geometry": { "type": "Polygon", "coordinates": [ [ [ 259002.949, 2535032.205999999772757 ], [ 259006.052, 2535034.342999999877065 ], [ 259005.682, 2535037.244 ], [ 259003.255, 2535038.474 ], [ 259002.269, 2535038.602 ], [ 259002.616, 2535033.663000000175089 ], [ 259002.949, 2535032.205999999772757 ] ] ] } },
{ "type": "Feature", "properties": { }, "geometry": { "type": "Polygon", "coordinates": [ [ [ 258671.155999999988126, 2535325.563 ], [ 258667.521, 2535335.214000000152737 ], [ 258661.578, 2535331.352 ], [ 258661.328, 2535329.441000000108033 ], [ 258663.432999999989988, 2535327.171999999787658 ], [ 258663.673, 2535327.086999999824911 ], [ 258671.155999999988126, 2535325.563 ] ] ] } },
{ "type": "Feature", "properties": { }, "geometry": { "type": "Polygon", "coordinates": [ [ [ 258703.34, 2534897.432 ], [ 258701.877, 2534889.927999999839813 ], [ 258701.989, 2534885.123999999836087 ], [ 258702.324, 2534884.313999999780208 ], [ 258704.324, 2534884.13799999980256 ], [ 258708.216000000014901, 2534888.350999999791384 ], [ 258711.310999999986961, 2534894.045 ], [ 258710.226, 2534894.509 ], [ 258703.34, 2534897.432 ] ] ] } },
{ "type": "Feature", "properties": { }, "geometry": { "type": "Polygon", "coordinates": [ [ [ 258977.571999999985565, 2534919.275 ], [ 258977.804, 2534911.223000000230968 ], [ 259040.741, 2534879.844 ], [ 259043.479, 2534878.484000000171363 ], [ 259049.324, 2534879.196 ], [ 259053.158999999985099, 2534882.285000000149012 ], [ 259055.953, 2534884.588 ], [ 259058.458000000013271, 2534888.029999999795109 ], [ 259077.916999999986729, 2534930.674000000115484 ], [ 259076.112, 2534935.799000000115484 ], [ 259073.526000000012573, 2534940.467000000178814 ], [ 259058.022999999986496, 2534965.958000000100583 ], [ 259053.177, 2534971.148 ], [ 259046.848999999987427, 2534974.791999999899417 ], [ 258986.222, 2534933.529999999795109 ], [ 258980.116, 2534929.052999999839813 ], [ 258977.76500000001397, 2534921.691999999806285 ], [ 258977.571999999985565, 2534919.275 ] ] ] } },
{ "type": "Feature", "properties": { }, "geometry": { "type": "Polygon", "coordinates": [ [ [ 258746.935999999986961, 2535134.893000000156462 ], [ 258749.019999999989523, 2535141.901 ], [ 258743.549999999988358, 2535145.072999999858439 ], [ 258740.865, 2535145.049999999813735 ], [ 258732.193999999988591, 2535135.83600000012666 ], [ 258729.818, 2535128.503 ], [ 258730.033999999985099, 2535127.191000000108033 ], [ 258730.567000000010012, 2535126.041000000201166 ], [ 258730.782, 2535125.916999999899417 ], [ 258736.21, 2535124.580999999772757 ], [ 258739.685999999986961, 2535127.555000000167638 ], [ 258746.935999999986961, 2535134.893000000156462 ] ] ] } },
{ "type": "Feature", "properties": { }, "geometry": { "type": "Polygon", "coordinates": [ [ [ 258932.365, 2534877.112999999895692 ], [ 258931.886999999987893, 2534872.768999999854714 ], [ 258938.825000000011642, 2534870.591 ], [ 258949.521, 2534868.352 ], [ 258955.967, 2534869.157999999821186 ], [ 258959.745, 2534871.829 ], [ 258960.344000000011874, 2534872.563 ], [ 258960.348, 2534875.200000000186265 ], [ 258960.336000000010245, 2534875.592000000178814 ], [ 258942.979, 2534877.308999999891967 ], [ 258932.365, 2534877.112999999895692 ] ] ] } },
{ "type": "Feature", "properties": { }, "geometry": { "type": "Polygon", "coordinates": [ [ [ 258613.39000000001397, 2534845.091 ], [ 258619.035, 2534844.225 ], [ 258619.171, 2534844.708000000100583 ], [ 258620.73499999998603, 2534851.344 ], [ 258622.116, 2534865.615000000223517 ], [ 258621.498, 2534871.293 ], [ 258619.965, 2534879.008 ], [ 258615.809, 2534877.137000000104308 ], [ 258613.39000000001397, 2534845.091 ] ] ] } },
{ "type": "Feature", "properties": { }, "geometry": { "type": "Polygon", "coordinates": [ [ [ 258809.587, 2535361.279999999795109 ], [ 258809.416999999986729, 2535373.06 ], [ 258808.441, 2535374.50400000018999 ], [ 258802.591000000014901, 2535378.017 ], [ 258787.938, 2535369.808000000193715 ], [ 258783.729, 2535367.353999999817461 ], [ 258783.255, 2535365.600999999791384 ], [ 258783.307999999989988, 2535364.839999999850988 ], [ 258783.97, 2535364.231000000145286 ], [ 258809.587, 2535361.279999999795109 ] ] ] } },
{ "type": "Feature", "properties": { }, "geometry": { "type": "Polygon", "coordinates": [ [ [ 258873.958000000013271, 2534959.708999999798834 ], [ 258877.544, 2534947.494 ], [ 258879.386, 2534943.313 ], [ 258884.403, 2534943.452 ], [ 258891.711000000010245, 2534961.123000000137836 ], [ 258884.200000000011642, 2534966.949 ], [ 258879.943, 2534966.807 ], [ 258877.62, 2534965.950000000186265 ], [ 258876.325000000011642, 2534963.833000000100583 ], [ 258873.958000000013271, 2534959.708999999798834 ] ] ] } },
{ "type": "Feature", "properties": { }, "geometry": { "type": "Polygon", "coordinates": [ [ [ 258947.816, 2535141.801 ], [ 258947.783999999985099, 2535144.535000000149012 ], [ 258940.685, 2535150.890000000130385 ], [ 258934.339, 2535154.44 ], [ 258931.655, 2535149.298 ], [ 258931.217, 2535148.001000000163913 ], [ 258931.332, 2535146.707 ], [ 258936.869, 2535144.153 ], [ 258943.696, 2535142.065 ], [ 258947.816, 2535141.801 ] ] ] } },
{ "type": "Feature", "properties": { }, "geometry": { "type": "Polygon", "coordinates": [ [ [ 258884.413999999989755, 2535184.211999999824911 ], [ 258874.033, 2535182.757000000216067 ], [ 258872.237, 2535181.205 ], [ 258867.351, 2535175.305000000167638 ], [ 258869.950000000011642, 2535174.625 ], [ 258871.75700000001234, 2535174.191999999806285 ], [ 258878.858, 2535173.151 ], [ 258879.176, 2535173.265000000130385 ], [ 258892.182999999989988, 2535178.106999999843538 ], [ 258891.688, 2535178.534 ], [ 258884.413999999989755, 2535184.211999999824911 ] ] ] } },
{ "type": "Feature", "properties": { }, "geometry": { "type": "Polygon", "coordinates": [ [ [ 259005.231, 2534888.416999999899417 ], [ 259018.6, 2534881.529999999795109 ], [ 259027.397, 2534884.051 ], [ 259027.952, 2534897.149000000208616 ], [ 259023.878, 2534899.156 ], [ 259023.816, 2534899.159 ], [ 259012.103, 2534897.842000000178814 ], [ 259007.759, 2534894.847 ], [ 259005.231, 2534888.416999999899417 ] ] ] } },
{ "type": "Feature", "properties": { }, "geometry": { "type": "Polygon", "coordinates": [ [ [ 258979.428000000014435, 2535183.403 ], [ 258977.261999999987893, 2535192.764 ], [ 258970.073, 2535197.066999999806285 ], [ 258960.526000000012573, 2535193.258 ], [ 258960.418, 2535193.163000000175089 ], [ 258956.583000000013271, 2535182.449 ], [ 258956.139, 2535180.671 ], [ 258955.827, 2535179.396000000182539 ], [ 258956.677, 2535175.935 ], [ 258963.341000000014901, 2535173.207 ], [ 258968.753, 2535172.531 ], [ 258974.622, 2535174.813999999780208 ], [ 258975.582, 2535175.518000000156462 ], [ 258979.321, 2535183.171999999787658 ], [ 258979.428000000014435, 2535183.403 ] ] ] } },
{ "type": "Feature", "properties": { }, "geometry": { "type": "Polygon", "coordinates": [ [ [ 259015.722, 2534954.213 ], [ 259021.206, 2534953.930000000167638 ], [ 259021.908999999985099, 2534954.011 ], [ 259036.878, 2534955.898 ], [ 259038.554, 2534963.379999999888241 ], [ 259037.174, 2534981.239 ], [ 259032.66, 2534988.731000000145286 ], [ 259031.25, 2534990.4 ], [ 259022.113000000012107, 2534995.083999999798834 ], [ 259019.155999999988126, 2534995.075000000186265 ], [ 259012.092, 2534984.779 ], [ 259014.894, 2534960.193 ], [ 259015.722, 2534954.213 ] ] ] } },
{ "type": "Feature", "properties": { }, "geometry": { "type": "Polygon", "coordinates": [ [ [ 258807.283999999985099, 2535196.53899999987334 ], [ 258807.341000000014901, 2535218.251000000163913 ], [ 258797.64000000001397, 2535238.615000000223517 ], [ 258790.147999999986496, 2535239.703000000212342 ], [ 258765.617, 2535227.099 ], [ 258763.668, 2535221.139 ], [ 258762.494, 2535217.464999999850988 ], [ 258763.920000000012806, 2535212.224 ], [ 258787.76, 2535194.728999999817461 ], [ 258793.024, 2535191.73 ], [ 258800.484, 2535190.731999999843538 ], [ 258803.871000000013737, 2535192.611 ], [ 258807.283999999985099, 2535196.53899999987334 ] ] ] } },
{ "type": "Feature", "properties": { }, "geometry": { "type": "Polygon", "coordinates": [ [ [ 258737.889, 2535160.001000000163913 ], [ 258743.647999999986496, 2535155.11200000019744 ], [ 258759.701, 2535156.256 ], [ 258761.125, 2535156.740000000223517 ], [ 258760.225, 2535169.992999999783933 ], [ 258759.309, 2535171.236 ], [ 258744.276000000012573, 2535166.676 ], [ 258738.451, 2535161.100999999791384 ], [ 258737.889, 2535160.001000000163913 ] ] ] } },
{ "type": "Feature", "properties": { }, "geometry": { "type": "Polygon", "coordinates": [ [ [ 258880.26, 2535088.841 ], [ 258879.215, 2535085.815 ], [ 258879.871000000013737, 2535080.646999999880791 ], [ 258894.49, 2535070.617 ], [ 258897.245, 2535069.967000000178814 ], [ 258910.613000000012107, 2535067.427000000141561 ], [ 258911.479, 2535068.992999999783933 ], [ 258899.445, 2535082.305000000167638 ], [ 258898.483, 2535082.83 ], [ 258880.26, 2535088.841 ] ] ] } },
{ "type": "Feature", "properties": { }, "geometry": { "type": "Polygon", "coordinates": [ [ [ 258941.666999999986729, 2535304.492 ], [ 258938.304, 2535311.284 ], [ 258932.065, 2535312.648 ], [ 258931.288999999989755, 2535312.366 ], [ 258930.084, 2535307.151 ], [ 258931.283, 2535305.907999999821186 ], [ 258937.893000000010943, 2535303.168 ], [ 258941.666999999986729, 2535304.492 ] ] ] } },
{ "type": "Feature", "properties": { }, "geometry": { "type": "Polygon", "coordinates": [ [ [ 258661.968, 2535163.992 ], [ 258662.399, 2535159.079 ], [ 258671.469000000011874, 2535153.282999999821186 ], [ 258673.056000000011409, 2535152.509999999776483 ], [ 258674.983, 2535153.58 ], [ 258681.486, 2535157.546999999787658 ], [ 258682.179, 2535159.879999999888241 ], [ 258682.483, 2535162.839999999850988 ], [ 258681.535, 2535163.910000000149012 ], [ 258679.158, 2535166.16399999987334 ], [ 258662.693, 2535166.609000000171363 ], [ 258661.968, 2535163.992 ] ] ] } },
{ "type": "Feature", "properties": { }, "geometry": { "type": "Polygon", "coordinates": [ [ [ 258891.179, 2535040.373999999836087 ], [ 258905.064000000013039, 2535038.12099999981001 ], [ 258901.949, 2535041.913000000175089 ], [ 258894.299999999988358, 2535041.166999999899417 ], [ 258891.179, 2535040.373999999836087 ] ] ] } },
{ "type": "Feature", "properties": { }, "geometry": { "type": "Polygon", "coordinates": [ [ [ 258629.778, 2535211.285000000149012 ], [ 258621.495, 2535217.812 ], [ 258616.44, 2535215.31 ], [ 258596.621000000013737, 2535191.791000000201166 ], [ 258594.766, 2535187.989 ], [ 258602.165, 2535183.092000000178814 ], [ 258623.29, 2535184.832 ], [ 258626.413, 2535188.807 ], [ 258628.994, 2535196.427999999839813 ], [ 258629.778, 2535211.285000000149012 ] ] ] } },
{ "type": "Feature", "properties": { }, "geometry": { "type": "Polygon", "coordinates": [ [ [ 258845.329, 2535074.998000000137836 ], [ 258836.405999999988126, 2535063.575000000186265 ], [ 258846.511, 2535059.159 ], [ 258851.566, 2535066.537 ], [ 258847.201, 2535074.682 ], [ 258845.329, 2535074.998000000137836 ] ] ] } },
{ "type": "Feature", "properties": { }, "geometry": { "type": "Polygon", "coordinates": [ [ [ 258841.381, 2535172.966 ], [ 258847.564000000013039, 2535167.957 ], [ 258849.321999999985565, 2535168.779 ], [ 258852.068999999988591, 2535172.714000000152737 ], [ 258852.476, 2535181.725 ], [ 258844.237, 2535178.173 ], [ 258841.381, 2535172.966 ] ] ] } },
{ "type": "Feature", "properties": { }, "geometry": { "type": "Polygon", "coordinates": [ [ [ 258622.903, 2535160.393000000156462 ], [ 258617.748, 2535148.651 ], [ 258619.653, 2535145.319999999832362 ], [ 258627.691, 2535139.416000000201166 ], [ 258628.486, 2535140.77 ], [ 258631.201, 2535145.930000000167638 ], [ 258633.182999999989988, 2535153.705999999772757 ], [ 258624.780999999988126, 2535159.896000000182539 ], [ 258622.903, 2535160.393000000156462 ] ] ] } },
{ "type": "Feature", "properties": { }, "geometry": { "type": "Polygon", "coordinates": [ [ [ 258732.377, 2535256.793 ], [ 258735.386, 2535263.325000000186265 ], [ 258733.734, 2535267.347 ], [ 258720.261, 2535273.702 ], [ 258715.291, 2535273.562 ], [ 258712.158999999985099, 2535270.991 ], [ 258714.646, 2535263.779 ], [ 258716.059, 2535261.913000000175089 ], [ 258726.96, 2535252.946 ], [ 258728.456, 2535251.794000000227243 ], [ 258732.377, 2535256.793 ] ] ] } },
{ "type": "Feature", "properties": { }, "geometry": { "type": "Polygon", "coordinates": [ [ [ 258918.802, 2535260.097 ], [ 258919.653, 2535261.416000000201166 ], [ 258919.39000000001397, 2535262.083000000100583 ], [ 258912.881, 2535268.633 ], [ 258900.310999999986961, 2535271.285000000149012 ], [ 258886.987, 2535273.352 ], [ 258881.317000000010012, 2535270.17 ], [ 258886.065, 2535266.975 ], [ 258902.568999999988591, 2535256.521999999880791 ], [ 258904.153, 2535255.787 ], [ 258909.404, 2535254.498000000137836 ], [ 258918.802, 2535260.097 ] ] ] } },
{ "type": "Feature", "properties": { }, "geometry": { "type": "Polygon", "coordinates": [ [ [ 258870.386, 2534915.741 ], [ 258868.712, 2534893.342999999877065 ], [ 258872.264, 2534890.609000000171363 ], [ 258876.397, 2534887.433000000193715 ], [ 258881.428000000014435, 2534884.183999999891967 ], [ 258893.496000000013737, 2534878.217000000178814 ], [ 258894.353, 2534879.112999999895692 ], [ 258894.894, 2534880.589000000152737 ], [ 258898.528, 2534890.876999999862164 ], [ 258899.174, 2534898.240000000223517 ], [ 258896.293, 2534902.251999999862164 ], [ 258873.462, 2534919.046999999787658 ], [ 258870.386, 2534915.741 ] ] ] } },
{ "type": "Feature", "properties": { }, "geometry": { "type": "Polygon", "coordinates": [ [ [ 258686.471, 2535345.449 ], [ 258680.886, 2535337.67 ], [ 258684.562, 2535329.398 ], [ 258690.908999999985099, 2535316.77 ], [ 258695.86799999998766, 2535317.253 ], [ 258696.348, 2535317.952 ], [ 258696.53, 2535320.240000000223517 ], [ 258695.62599999998929, 2535337.153 ], [ 258695.431000000011409, 2535338.324 ], [ 258694.046, 2535342.504999999888241 ], [ 258691.487, 2535343.953000000212342 ], [ 258686.471, 2535345.449 ] ] ] } },
{ "type": "Feature", "properties": { }, "geometry": { "type": "Polygon", "coordinates": [ [ [ 259037.356, 2535200.214999999850988 ], [ 259022.009, 2535198.207 ], [ 259025.886, 2535193.81900000013411 ], [ 259031.25099999998929, 2535192.35 ], [ 259031.962999999988824, 2535192.446 ], [ 259034.939000000013039, 2535194.055000000167638 ], [ 259038.495, 2535196.106000000145286 ], [ 259037.356, 2535200.214999999850988 ] ] ] } },
{ "type": "Feature", "properties": { }, "geometry": { "type": "Polygon", "coordinates": [ [ [ 258912.538, 2535203.321 ], [ 258916.29, 2535196.173 ], [ 258918.839, 2535197.424999999813735 ], [ 258926.397, 2535202.515000000130385 ], [ 258922.098999999987427, 2535205.174999999813735 ], [ 258920.199, 2535205.94400000013411 ], [ 258912.538, 2535203.321 ] ] ] } },
{ "type": "Feature", "properties": { }, "geometry": { "type": "Polygon", "coordinates": [ [ [ 259080.533, 2534931.474 ], [ 259074.312, 2534921.930000000167638 ], [ 259076.241, 2534919.693 ], [ 259079.337, 2534917.051 ], [ 259086.122, 2534916.975 ], [ 259087.931000000011409, 2534925.25 ], [ 259087.299999999988358, 2534925.998999999836087 ], [ 259080.533, 2534931.474 ] ] ] } },
{ "type": "Feature", "properties": { }, "geometry": { "type": "Polygon", "coordinates": [ [ [ 258607.734, 2535340.592999999877065 ], [ 258613.196999999985565, 2535337.291000000201166 ], [ 258614.920000000012806, 2535337.001000000163913 ], [ 258616.991, 2535337.38799999980256 ], [ 258618.386999999987893, 2535337.904999999795109 ], [ 258618.317000000010012, 2535338.717999999877065 ], [ 258614.604, 2535348.052000000141561 ], [ 258612.277, 2535351.109999999869615 ], [ 258608.975, 2535351.396000000182539 ], [ 258607.908, 2535347.007000000216067 ], [ 258607.734, 2535340.592999999877065 ] ] ] } },
{ "type": "Feature", "properties": { }, "geometry": { "type": "Polygon", "coordinates": [ [ [ 259000.817000000010012, 2534942.132000000216067 ], [ 259008.473999999987427, 2534939.399000000208616 ], [ 259009.371000000013737, 2534939.73 ], [ 259016.586000000010245, 2534943.872 ], [ 259015.76, 2534948.06 ], [ 259013.518000000010943, 2534950.509999999776483 ], [ 259010.416999999986729, 2534951.049999999813735 ], [ 258997.799999999988358, 2534951.120000000111759 ], [ 258994.086000000010245, 2534950.490000000223517 ], [ 258994.403, 2534949.883 ], [ 258996.796, 2534945.80599999986589 ], [ 258998.799, 2534943.765000000130385 ], [ 259000.817000000010012, 2534942.132000000216067 ] ] ] } },
{ "type": "Feature", "properties": { }, "geometry": { "type": "Polygon", "coordinates": [ [ [ 258814.899, 2535069.163000000175089 ], [ 258822.371000000013737, 2535063.014 ], [ 258828.987, 2535067.432 ], [ 258834.172, 2535071.775 ], [ 258836.298, 2535080.082 ], [ 258835.9, 2535086.822000000160187 ], [ 258833.793, 2535086.538000000175089 ], [ 258833.283999999985099, 2535086.28899999987334 ], [ 258824.517, 2535080.995000000111759 ], [ 258816.519, 2535074.998999999836087 ], [ 258814.899, 2535069.163000000175089 ] ] ] } },
{ "type": "Feature", "properties": { }, "geometry": { "type": "Polygon", "coordinates": [ [ [ 258639.902, 2535175.816999999806285 ], [ 258639.464, 2535171.983 ], [ 258643.291999999986729, 2535168.115000000223517 ], [ 258652.06, 2535167.802000000141561 ], [ 258652.943999999988591, 2535168.302999999839813 ], [ 258658.988000000012107, 2535173.876999999862164 ], [ 258658.903, 2535174.251000000163913 ], [ 258648.776000000012573, 2535181.458999999798834 ], [ 258639.902, 2535175.816999999806285 ] ] ] } },
{ "type": "Feature", "properties": { }, "geometry": { "type": "Polygon", "coordinates": [ [ [ 258849.987, 2535296.707 ], [ 258850.316, 2535298.858 ], [ 258849.48499999998603, 2535302.469 ], [ 258843.886999999987893, 2535318.4 ], [ 258842.777, 2535320.248000000137836 ], [ 258834.394, 2535322.142 ], [ 258829.571999999985565, 2535322.935 ], [ 258830.196, 2535320.015999999828637 ], [ 258833.459, 2535307.686000000219792 ], [ 258834.678000000014435, 2535304.927999999839813 ], [ 258836.612, 2535300.611 ], [ 258839.200000000011642, 2535299.373999999836087 ], [ 258846.144, 2535297.225999999791384 ], [ 258849.89000000001397, 2535296.450000000186265 ], [ 258849.987, 2535296.707 ] ] ] } },
{ "type": "Feature", "properties": { }, "geometry": { "type": "Polygon", "coordinates": [ [ [ 258979.87, 2534905.163000000175089 ], [ 258975.538999999989755, 2534884.733 ], [ 258976.095, 2534879.98700000019744 ], [ 258982.446999999985565, 2534881.007000000216067 ], [ 258984.802, 2534882.981999999843538 ], [ 258994.211000000010245, 2534891.228999999817461 ], [ 259000.734, 2534904.625 ], [ 258994.307999999989988, 2534907.437 ], [ 258992.263, 2534908.304 ], [ 258988.951, 2534909.46100000012666 ], [ 258980.962, 2534906.953000000212342 ], [ 258979.87, 2534905.163000000175089 ] ] ] } },
{ "type": "Feature", "properties": { }, "geometry": { "type": "Polygon", "coordinates": [ [ [ 258827.163, 2535358.683000000193715 ], [ 258825.508, 2535357.935 ], [ 258820.931000000011409, 2535350.08600000012666 ], [ 258820.603, 2535348.126000000163913 ], [ 258822.468, 2535339.208000000100583 ], [ 258824.021, 2535337.509999999776483 ], [ 258830.314000000013039, 2535339.660999999847263 ], [ 258833.875, 2535341.146000000182539 ], [ 258833.24299999998766, 2535354.125 ], [ 258831.979, 2535356.73 ], [ 258827.163, 2535358.683000000193715 ] ] ] } },
{ "type": "Feature", "properties": { }, "geometry": { "type": "Polygon", "coordinates": [ [ [ 258573.738000000012107, 2535198.75 ], [ 258585.908999999985099, 2535193.174999999813735 ], [ 258586.408, 2535193.116 ], [ 258592.263, 2535196.373000000137836 ], [ 258599.522, 2535206.765000000130385 ], [ 258601.397999999986496, 2535219.126999999862164 ], [ 258598.567000000010012, 2535234.362999999895692 ], [ 258598.004000000015367, 2535235.285999999847263 ], [ 258588.123, 2535237.954 ], [ 258583.989, 2535238.114 ], [ 258576.798, 2535229.98 ], [ 258574.987, 2535227.833999999798834 ], [ 258574.767, 2535224.285999999847263 ], [ 258573.738000000012107, 2535198.75 ] ] ] } },
{ "type": "Feature", "properties": { }, "geometry": { "type": "Polygon", "coordinates": [ [ [ 258595.533999999985099, 2535155.747 ], [ 258587.516, 2535156.771999999880791 ], [ 258586.041, 2535155.842999999877065 ], [ 258583.689000000013039, 2535151.185 ], [ 258583.446999999985565, 2535149.994 ], [ 258585.696999999985565, 2535146.844 ], [ 258588.295000000012806, 2535145.739 ], [ 258594.226, 2535143.88799999980256 ], [ 258599.869, 2535142.958000000100583 ], [ 258597.396, 2535151.37099999981001 ], [ 258595.533999999985099, 2535155.747 ] ] ] } },
{ "type": "Feature", "properties": { }, "geometry": { "type": "Polygon", "coordinates": [ [ [ 259081.946, 2534833.390000000130385 ], [ 259087.954999999987194, 2534826.847 ], [ 259092.177, 2534825.997 ], [ 259094.856999999989057, 2534835.583999999798834 ], [ 259094.922, 2534836.302000000141561 ], [ 259094.62400000001071, 2534843.29 ], [ 259094.392, 2534845.578000000212342 ], [ 259089.426, 2534844.623000000137836 ], [ 259081.968, 2534834.205 ], [ 259081.946, 2534833.390000000130385 ] ] ] } },
{ "type": "Feature", "properties": { }, "geometry": { "type": "Polygon", "coordinates": [ [ [ 258777.495, 2535425.660999999847263 ], [ 258781.218, 2535413.596 ], [ 258788.661, 2535410.143000000156462 ], [ 258790.234, 2535411.943 ], [ 258788.328, 2535419.771999999880791 ], [ 258783.795000000012806, 2535430.696 ], [ 258782.393000000010943, 2535434.01299999980256 ], [ 258780.049999999988358, 2535431.668 ], [ 258777.495, 2535425.660999999847263 ] ] ] } },
{ "type": "Feature", "properties": { }, "geometry": { "type": "Polygon", "coordinates": [ [ [ 258756.41, 2535202.166000000201166 ], [ 258758.147, 2535191.9 ], [ 258767.174, 2535190.396999999880791 ], [ 258771.57, 2535194.375 ], [ 258771.988000000012107, 2535196.568 ], [ 258770.201, 2535203.051 ], [ 258763.997, 2535204.603999999817461 ], [ 258761.204, 2535205.105 ], [ 258756.41, 2535202.166000000201166 ] ] ] } },
{ "type": "Feature", "properties": { }, "geometry": { "type": "Polygon", "coordinates": [ [ [ 258998.516, 2534821.248999999836087 ], [ 258992.681000000011409, 2534825.932 ], [ 258988.61799999998766, 2534824.227 ], [ 258988.307, 2534823.98700000019744 ], [ 258987.943, 2534815.884 ], [ 258990.59, 2534814.73700000019744 ], [ 258995.199, 2534818.18099999986589 ], [ 258998.516, 2534821.248999999836087 ] ] ] } },
{ "type": "Feature", "properties": { }, "geometry": { "type": "Polygon", "coordinates": [ [ [ 258825.581, 2535088.117999999783933 ], [ 258831.363000000012107, 2535093.00400000018999 ], [ 258824.832, 2535098.421 ], [ 258819.377, 2535098.458000000100583 ], [ 258810.29, 2535096.974 ], [ 258805.9, 2535094.943 ], [ 258801.221, 2535092.495000000111759 ], [ 258798.199, 2535090.471 ], [ 258798.420000000012806, 2535089.869 ], [ 258799.704, 2535087.56900000013411 ], [ 258800.984, 2535087.444999999832362 ], [ 258825.581, 2535088.117999999783933 ] ] ] } },
{ "type": "Feature", "properties": { }, "geometry": { "type": "Polygon", "coordinates": [ [ [ 258755.106, 2535129.998000000137836 ], [ 258752.865, 2535127.12099999981001 ], [ 258756.855000000010477, 2535119.815 ], [ 258761.706, 2535112.812 ], [ 258762.859, 2535113.795 ], [ 258767.15, 2535118.086999999824911 ], [ 258772.230000000010477, 2535126.623000000137836 ], [ 258772.653, 2535128.30599999986589 ], [ 258770.435, 2535130.58 ], [ 258755.106, 2535129.998000000137836 ] ] ] } },
{ "type": "Feature", "properties": { }, "geometry": { "type": "Polygon", "coordinates": [ [ [ 259215.782, 2535021.700000000186265 ], [ 259216.299999999988358, 2535024.023 ], [ 259216.277, 2535024.179 ], [ 259215.25700000001234, 2535025.867 ], [ 259208.283, 2535031.981999999843538 ], [ 259207.557, 2535032.318 ], [ 259199.071999999985565, 2535032.768999999854714 ], [ 259203.25099999998929, 2535028.256 ], [ 259212.13200000001234, 2535023.103000000119209 ], [ 259214.051, 2535022.28899999987334 ], [ 259215.782, 2535021.700000000186265 ] ] ] } },
{ "type": "Feature", "properties": { }, "geometry": { "type": "Polygon", "coordinates": [ [ [ 258887.155, 2535105.228000000119209 ], [ 258892.176, 2535094.406 ], [ 258900.772999999986496, 2535097.599 ], [ 258900.195, 2535101.597 ], [ 258896.375, 2535109.284 ], [ 258895.543, 2535109.534 ], [ 258889.529, 2535110.896000000182539 ], [ 258888.921, 2535109.876000000163913 ], [ 258887.155, 2535105.228000000119209 ] ] ] } },
{ "type": "Feature", "properties": { }, "geometry": { "type": "Polygon", "coordinates": [ [ [ 258763.12599999998929, 2535140.521000000182539 ], [ 258760.608, 2535148.515999999828637 ], [ 258755.716000000014901, 2535143.989 ], [ 258750.136, 2535137.848000000230968 ], [ 258754.774, 2535134.957 ], [ 258756.604, 2535135.001999999862164 ], [ 258759.641, 2535135.282999999821186 ], [ 258763.12599999998929, 2535140.521000000182539 ] ] ] } },
{ "type": "Feature", "properties": { }, "geometry": { "type": "Polygon", "coordinates": [ [ [ 258650.695, 2535208.748999999836087 ], [ 258644.530999999988126, 2535192.258 ], [ 258647.002, 2535183.034 ], [ 258654.655999999988126, 2535181.276 ], [ 258660.469000000011874, 2535186.541999999899417 ], [ 258668.97, 2535198.626999999862164 ], [ 258668.272999999986496, 2535202.507000000216067 ], [ 258666.932, 2535203.572999999858439 ], [ 258664.707, 2535205.151 ], [ 258655.756, 2535207.904999999795109 ], [ 258650.695, 2535208.748999999836087 ] ] ] } },
{ "type": "Feature", "properties": { }, "geometry": { "type": "Polygon", "coordinates": [ [ [ 258744.689000000013039, 2535205.332 ], [ 258752.246000000013737, 2535200.308999999891967 ], [ 258752.644999999989523, 2535201.483 ], [ 258752.953, 2535204.160999999847263 ], [ 258752.855000000010477, 2535208.484000000171363 ], [ 258751.908999999985099, 2535213.961999999824911 ], [ 258745.879000000015367, 2535209.162 ], [ 258744.689000000013039, 2535205.332 ] ] ] } },
{ "type": "Feature", "properties": { }, "geometry": { "type": "Polygon", "coordinates": [ [ [ 258809.317000000010012, 2534964.893999999854714 ], [ 258811.801, 2534955.413000000175089 ], [ 258818.809, 2534957.568 ], [ 258820.937, 2534959.557 ], [ 258821.655, 2534960.262000000104308 ], [ 258819.451, 2534967.200000000186265 ], [ 258819.216000000014901, 2534967.441000000108033 ], [ 258815.952, 2534968.457 ], [ 258809.317000000010012, 2534964.893999999854714 ] ] ] } },
{ "type": "Feature", "properties": { }, "geometry": { "type": "Polygon", "coordinates": [ [ [ 258727.902, 2535221.045 ], [ 258729.057, 2535219.876000000163913 ], [ 258738.71, 2535211.49599999981001 ], [ 258738.958000000013271, 2535211.575000000186265 ], [ 258744.423, 2535219.177000000141561 ], [ 258744.397, 2535221.435 ], [ 258736.278, 2535227.227 ], [ 258733.855000000010477, 2535225.595000000204891 ], [ 258727.902, 2535221.045 ] ] ] } },
{ "type": "Feature", "properties": { }, "geometry": { "type": "Polygon", "coordinates": [ [ [ 258807.49299999998766, 2534995.524000000208616 ], [ 258815.87599999998929, 2534996.929 ], [ 258816.935, 2535007.892 ], [ 258814.786, 2535007.671 ], [ 258810.401000000012573, 2535003.009 ], [ 258809.185, 2535000.736 ], [ 258808.432999999989988, 2534999.316999999806285 ], [ 258807.49299999998766, 2534995.524000000208616 ] ] ] } },
{ "type": "Feature", "properties": { }, "geometry": { "type": "Polygon", "coordinates": [ [ [ 258967.318999999988591, 2534942.936000000219792 ], [ 258972.517, 2534933.81900000013411 ], [ 258974.078, 2534932.259999999776483 ], [ 258976.356999999989057, 2534935.725999999791384 ], [ 258977.670000000012806, 2534940.477 ], [ 258975.907, 2534943.623999999836087 ], [ 258973.677, 2534944.94400000013411 ], [ 258971.761999999987893, 2534945.512000000104308 ], [ 258970.053000000014435, 2534945.543 ], [ 258968.57, 2534945.532999999821186 ], [ 258967.885, 2534944.867999999783933 ], [ 258967.343, 2534943.623999999836087 ], [ 258967.318999999988591, 2534942.936000000219792 ] ] ] } },
{ "type": "Feature", "properties": { }, "geometry": { "type": "Polygon", "coordinates": [ [ [ 258988.71, 2534855.953000000212342 ], [ 258981.941, 2534843.31 ], [ 258984.803000000014435, 2534836.221 ], [ 258998.88200000001234, 2534832.532999999821186 ], [ 259013.825000000011642, 2534837.15 ], [ 259011.496000000013737, 2534845.952 ], [ 259009.328, 2534848.055000000167638 ], [ 258989.407, 2534855.822000000160187 ], [ 258988.71, 2534855.953000000212342 ] ] ] } },
{ "type": "Feature", "properties": { }, "geometry": { "type": "Polygon", "coordinates": [ [ [ 258704.153, 2535227.427000000141561 ], [ 258702.842, 2535223.180000000167638 ], [ 258706.689000000013039, 2535217.359000000171363 ], [ 258710.75, 2535216.069999999832362 ], [ 258713.71, 2535216.623000000137836 ], [ 258713.772999999986496, 2535217.521999999880791 ], [ 258713.823, 2535221.69 ], [ 258712.26, 2535226.072000000160187 ], [ 258709.221, 2535230.365000000223517 ], [ 258707.429, 2535229.74599999981001 ], [ 258704.153, 2535227.427000000141561 ] ] ] } },
{ "type": "Feature", "properties": { }, "geometry": { "type": "Polygon", "coordinates": [ [ [ 258698.046, 2535207.855 ], [ 258698.31, 2535198.35 ], [ 258703.76500000001397, 2535199.091 ], [ 258709.916, 2535201.603000000119209 ], [ 258707.385, 2535208.333999999798834 ], [ 258702.237, 2535214.029 ], [ 258698.046, 2535207.855 ] ] ] } },
{ "type": "Feature", "properties": { }, "geometry": { "type": "Polygon", "coordinates": [ [ [ 258597.057999999989988, 2535077.723000000230968 ], [ 258599.279, 2535054.080999999772757 ], [ 258601.356, 2535050.274000000208616 ], [ 258608.435, 2535046.361 ], [ 258611.619, 2535047.312 ], [ 258611.646, 2535047.332 ], [ 258615.405999999988126, 2535050.869 ], [ 258620.966000000014901, 2535074.651999999769032 ], [ 258618.283999999985099, 2535083.072999999858439 ], [ 258617.15, 2535084.446 ], [ 258608.533999999985099, 2535087.96100000012666 ], [ 258598.282, 2535082.574 ], [ 258597.057999999989988, 2535077.723000000230968 ] ] ] } },
{ "type": "Feature", "properties": { }, "geometry": { "type": "Polygon", "coordinates": [ [ [ 258745.687, 2535184.514 ], [ 258738.019999999989523, 2535193.532000000122935 ], [ 258736.503, 2535193.679 ], [ 258732.12, 2535189.714000000152737 ], [ 258734.839, 2535185.938 ], [ 258740.229, 2535178.853000000119209 ], [ 258741.426, 2535179.197999999858439 ], [ 258745.687, 2535184.514 ] ] ] } },
{ "type": "Feature", "properties": { }, "geometry": { "type": "Polygon", "coordinates": [ [ [ 258835.365, 2535036.802999999839813 ], [ 258840.03, 2535041.247 ], [ 258833.78, 2535042.376999999862164 ], [ 258831.913999999989755, 2535042.594 ], [ 258828.538, 2535041.75 ], [ 258825.911, 2535039.231999999843538 ], [ 258827.477000000013504, 2535038.251999999862164 ], [ 258833.481, 2535036.853999999817461 ], [ 258835.365, 2535036.802999999839813 ] ] ] } },
{ "type": "Feature", "properties": { }, "geometry": { "type": "Polygon", "coordinates": [ [ [ 259034.703, 2534824.734999999869615 ], [ 259033.826, 2534832.825999999884516 ], [ 259026.937, 2534832.526999999769032 ], [ 259018.511, 2534831.955999999772757 ], [ 259016.981999999989057, 2534830.700000000186265 ], [ 259013.9, 2534815.893000000156462 ], [ 259013.915, 2534815.694999999832362 ], [ 259014.509, 2534813.160000000149012 ], [ 259018.195, 2534810.936000000219792 ], [ 259026.527, 2534814.55599999986589 ], [ 259029.229, 2534815.83 ], [ 259031.345, 2534817.477 ], [ 259033.922, 2534822.066999999806285 ], [ 259034.703, 2534824.734999999869615 ] ] ] } },
{ "type": "Feature", "properties": { }, "geometry": { "type": "Polygon", "coordinates": [ [ [ 259003.622, 2534966.109000000171363 ], [ 259009.574, 2534976.021999999880791 ], [ 259007.641, 2534979.649000000208616 ], [ 259000.185, 2534979.791000000201166 ], [ 258993.96, 2534979.08 ], [ 258992.98499999998603, 2534978.091 ], [ 258990.727000000013504, 2534969.098000000230968 ], [ 258994.779, 2534966.311000000219792 ], [ 258998.192000000010012, 2534965.509 ], [ 259001.875, 2534965.73 ], [ 259003.622, 2534966.109000000171363 ] ] ] } },
{ "type": "Feature", "properties": { }, "geometry": { "type": "Polygon", "coordinates": [ [ [ 258718.144, 2535177.994 ], [ 258730.418, 2535187.151999999769032 ], [ 258727.237, 2535191.018999999854714 ], [ 258725.538, 2535191.498999999836087 ], [ 258714.317000000010012, 2535190.714000000152737 ], [ 258709.932, 2535186.211999999824911 ], [ 258710.843, 2535179.13799999980256 ], [ 258713.129000000015367, 2535178.716 ], [ 258718.144, 2535177.994 ] ] ] } },
{ "type": "Feature", "properties": { }, "geometry": { "type": "Polygon", "coordinates": [ [ [ 259301.304, 2535097.867999999783933 ], [ 259294.477000000013504, 2535094.61200000019744 ], [ 259301.473, 2535086.281 ], [ 259314.896, 2535077.443 ], [ 259318.676, 2535079.728999999817461 ], [ 259316.594000000011874, 2535087.953000000212342 ], [ 259312.030999999988126, 2535096.353999999817461 ], [ 259301.304, 2535097.867999999783933 ] ] ] } },
{ "type": "Feature", "properties": { }, "geometry": { "type": "Polygon", "coordinates": [ [ [ 259174.413999999989755, 2535073.782999999821186 ], [ 259180.875, 2535069.401 ], [ 259186.617, 2535073.271999999880791 ], [ 259192.106999999989057, 2535078.148 ], [ 259192.812, 2535080.801 ], [ 259193.361, 2535085.686000000219792 ], [ 259187.835, 2535088.546 ], [ 259174.413999999989755, 2535073.782999999821186 ] ] ] } },
{ "type": "Feature", "properties": { }, "geometry": { "type": "Polygon", "coordinates": [ [ [ 258576.191, 2535190.089000000152737 ], [ 258572.083000000013271, 2535178.200000000186265 ], [ 258577.709, 2535170.919000000227243 ], [ 258586.453, 2535176.663000000175089 ], [ 258591.026000000012573, 2535183.55599999986589 ], [ 258592.082, 2535187.611 ], [ 258588.077, 2535189.398 ], [ 258586.316, 2535189.591 ], [ 258583.053000000014435, 2535189.899000000208616 ], [ 258576.191, 2535190.089000000152737 ] ] ] } },
{ "type": "Feature", "properties": { }, "geometry": { "type": "Polygon", "coordinates": [ [ [ 258777.033, 2535259.274000000208616 ], [ 258781.35, 2535265.716 ], [ 258776.051, 2535270.339000000152737 ], [ 258768.837, 2535273.864 ], [ 258762.921, 2535272.285999999847263 ], [ 258760.212, 2535270.453000000212342 ], [ 258761.359, 2535268.81900000013411 ], [ 258765.207, 2535266.182 ], [ 258777.033, 2535259.274000000208616 ] ] ] } },
{ "type": "Feature", "properties": { }, "geometry": { "type": "Polygon", "coordinates": [ [ [ 258593.432999999989988, 2535118.589000000152737 ], [ 258589.761999999987893, 2535115.832 ], [ 258581.393000000010943, 2535107.221 ], [ 258580.335, 2535105.487999999895692 ], [ 258594.333000000013271, 2535087.379999999888241 ], [ 258597.12400000001071, 2535085.407000000122935 ], [ 258600.298, 2535088.021999999880791 ], [ 258603.636, 2535092.248999999836087 ], [ 258601.731999999989057, 2535111.632000000216067 ], [ 258593.432999999989988, 2535118.589000000152737 ] ] ] } },
{ "type": "Feature", "properties": { }, "geometry": { "type": "Polygon", "coordinates": [ [ [ 259056.767, 2535293.575999999884516 ], [ 259052.315, 2535299.282999999821186 ], [ 259043.025, 2535299.112999999895692 ], [ 259041.057, 2535294.975 ], [ 259041.965, 2535294.146999999880791 ], [ 259053.405999999988126, 2535288.404999999795109 ], [ 259055.423, 2535288.151 ], [ 259056.617, 2535288.822000000160187 ], [ 259056.767, 2535293.575999999884516 ] ] ] } },
{ "type": "Feature", "properties": { }, "geometry": { "type": "Polygon", "coordinates": [ [ [ 259226.932999999989988, 2535194.906 ], [ 259220.367, 2535198.919000000227243 ], [ 259219.964, 2535198.494 ], [ 259215.487, 2535192.253 ], [ 259217.647999999986496, 2535191.597 ], [ 259222.026000000012573, 2535191.707 ], [ 259225.280999999988126, 2535192.798 ], [ 259225.827, 2535193.133 ], [ 259226.932999999989988, 2535194.906 ] ] ] } },
{ "type": "Feature", "properties": { }, "geometry": { "type": "Polygon", "coordinates": [ [ [ 258961.261, 2535229.268999999854714 ], [ 258944.247, 2535237.13799999980256 ], [ 258939.976, 2535236.785999999847263 ], [ 258936.162000000011176, 2535234.159 ], [ 258929.871000000013737, 2535212.795 ], [ 258963.976, 2535200.825000000186265 ], [ 258964.971, 2535201.032999999821186 ], [ 258966.096, 2535201.410000000149012 ], [ 258968.245, 2535207.907999999821186 ], [ 258968.038999999989755, 2535210.912 ], [ 258967.703, 2535215.031 ], [ 258961.261, 2535229.268999999854714 ] ] ] } },
{ "type": "Feature", "properties": { }, "geometry": { "type": "Polygon", "coordinates": [ [ [ 258739.21, 2535256.865000000223517 ], [ 258730.408, 2535246.720000000204891 ], [ 258732.416999999986729, 2535243.291000000201166 ], [ 258739.24299999998766, 2535238.833000000100583 ], [ 258746.016, 2535242.591 ], [ 258749.165, 2535256.390999999828637 ], [ 258739.21, 2535256.865000000223517 ] ] ] } },
{ "type": "Feature", "properties": { }, "geometry": { "type": "Polygon", "coordinates": [ [ [ 258735.342, 2535104.117999999783933 ], [ 258740.163999999989755, 2535115.424999999813735 ], [ 258736.324, 2535117.677000000141561 ], [ 258730.769, 2535118.035000000149012 ], [ 258726.091000000014901, 2535112.69400000013411 ], [ 258730.125, 2535107.204 ], [ 258735.342, 2535104.117999999783933 ] ] ] } },
{ "type": "Feature", "properties": { }, "geometry": { "type": "Polygon", "coordinates": [ [ [ 258910.418, 2535088.361 ], [ 258915.245, 2535088.416000000201166 ], [ 258922.337, 2535088.622 ], [ 258924.272999999986496, 2535096.13799999980256 ], [ 258924.625, 2535100.028 ], [ 258924.64000000001397, 2535100.257000000216067 ], [ 258921.269, 2535099.662 ], [ 258919.041999999986729, 2535098.143999999854714 ], [ 258910.723, 2535090.315 ], [ 258910.418, 2535088.361 ] ] ] } },
{ "type": "Feature", "properties": { }, "geometry": { "type": "Polygon", "coordinates": [ [ [ 258972.994, 2535101.427000000141561 ], [ 258980.931000000011409, 2535101.092000000178814 ], [ 258982.945, 2535114.275 ], [ 258982.283, 2535116.971 ], [ 258980.920000000012806, 2535116.50400000018999 ], [ 258973.278, 2535106.006 ], [ 258972.994, 2535101.427000000141561 ] ] ] } },
{ "type": "Feature", "properties": { }, "geometry": { "type": "Polygon", "coordinates": [ [ [ 258826.234, 2534842.325999999884516 ], [ 258822.024, 2534827.467000000178814 ], [ 258822.797, 2534825.938 ], [ 258826.096, 2534819.879999999888241 ], [ 258845.089, 2534823.707 ], [ 258846.606, 2534825.017 ], [ 258847.799, 2534826.475999999791384 ], [ 258849.211000000010245, 2534828.25400000018999 ], [ 258861.113000000012107, 2534851.145 ], [ 258863.223, 2534855.325000000186265 ], [ 258863.129000000015367, 2534857.623000000137836 ], [ 258860.07, 2534870.674999999813735 ], [ 258856.016, 2534868.503 ], [ 258843.158999999985099, 2534860.48700000019744 ], [ 258826.234, 2534842.325999999884516 ] ] ] } },
{ "type": "Feature", "properties": { }, "geometry": { "type": "Polygon", "coordinates": [ [ [ 259137.185, 2535037.396000000182539 ], [ 259133.256, 2535042.052000000141561 ], [ 259118.76, 2535040.021999999880791 ], [ 259118.719000000011874, 2535039.838 ], [ 259118.601, 2535036.924000000115484 ], [ 259119.986, 2535035.717000000178814 ], [ 259133.298, 2535034.46100000012666 ], [ 259137.185, 2535037.396000000182539 ] ] ] } },
{ "type": "Feature", "properties": { }, "geometry": { "type": "Polygon", "coordinates": [ [ [ 259322.533999999985099, 2535052.017 ], [ 259326.157, 2535061.43099999986589 ], [ 259326.106, 2535063.364 ], [ 259322.726, 2535064.714999999850988 ], [ 259318.673, 2535062.525 ], [ 259318.366, 2535061.935 ], [ 259317.379000000015367, 2535056.504999999888241 ], [ 259317.966000000014901, 2535055.236 ], [ 259322.533999999985099, 2535052.017 ] ] ] } },
{ "type": "Feature", "properties": { }, "geometry": { "type": "Polygon", "coordinates": [ [ [ 258953.587999999988824, 2535292.247 ], [ 258951.5, 2535284.987999999895692 ], [ 258956.244, 2535277.208000000100583 ], [ 258957.530999999988126, 2535276.12900000018999 ], [ 258959.538, 2535275.568 ], [ 258960.62599999998929, 2535278.370000000111759 ], [ 258960.628, 2535279.83600000012666 ], [ 258955.481, 2535291.734999999869615 ], [ 258953.684, 2535292.555000000167638 ], [ 258953.587999999988824, 2535292.247 ] ] ] } },
{ "type": "Feature", "properties": { }, "geometry": { "type": "Polygon", "coordinates": [ [ [ 259112.835, 2535249.001000000163913 ], [ 259109.51500000001397, 2535265.365000000223517 ], [ 259108.011, 2535264.543 ], [ 259105.00700000001234, 2535262.683000000193715 ], [ 259103.658, 2535256.669000000227243 ], [ 259103.298, 2535253.454 ], [ 259104.554, 2535240.401999999769032 ], [ 259106.465, 2535239.686000000219792 ], [ 259112.48499999998603, 2535247.71100000012666 ], [ 259112.835, 2535249.001000000163913 ] ] ] } },
{ "type": "Feature", "properties": { }, "geometry": { "type": "Polygon", "coordinates": [ [ [ 259220.706, 2535096.640999999828637 ], [ 259220.845, 2535091.123999999836087 ], [ 259221.136, 2535089.054 ], [ 259232.310999999986961, 2535089.058000000193715 ], [ 259233.796, 2535089.180000000167638 ], [ 259235.389, 2535092.424000000115484 ], [ 259235.856999999989057, 2535093.53899999987334 ], [ 259235.509, 2535095.197000000160187 ], [ 259233.53, 2535097.325999999884516 ], [ 259220.76, 2535098.498999999836087 ], [ 259220.706, 2535096.640999999828637 ] ] ] } },
{ "type": "Feature", "properties": { }, "geometry": { "type": "Polygon", "coordinates": [ [ [ 258687.324, 2535393.933000000193715 ], [ 258697.75, 2535403.24599999981001 ], [ 258696.535, 2535405.33600000012666 ], [ 258684.279, 2535407.33 ], [ 258677.601, 2535402.151999999769032 ], [ 258677.239, 2535398.919000000227243 ], [ 258683.678000000014435, 2535393.775 ], [ 258684.50099999998929, 2535393.558000000193715 ], [ 258687.324, 2535393.933000000193715 ] ] ] } },
{ "type": "Feature", "properties": { }, "geometry": { "type": "Polygon", "coordinates": [ [ [ 258836.253, 2535207.916000000201166 ], [ 258835.511999999987893, 2535201.793 ], [ 258836.538, 2535200.765999999828637 ], [ 258837.583000000013271, 2535201.120000000111759 ], [ 258842.037000000011176, 2535203.94400000013411 ], [ 258842.37, 2535204.31 ], [ 258843.39000000001397, 2535206.799000000115484 ], [ 258843.394999999989523, 2535206.927000000141561 ], [ 258842.313, 2535208.075000000186265 ], [ 258841.393000000010943, 2535208.636 ], [ 258836.253, 2535207.916000000201166 ] ] ] } },
{ "type": "Feature", "properties": { }, "geometry": { "type": "Polygon", "coordinates": [ [ [ 258811.351, 2535013.041000000201166 ], [ 258811.744, 2535011.08600000012666 ], [ 258812.339, 2535011.438999999780208 ], [ 258817.082, 2535017.426 ], [ 258817.450000000011642, 2535027.687 ], [ 258817.206, 2535030.455 ], [ 258815.37, 2535033.579 ], [ 258813.37400000001071, 2535031.924000000115484 ], [ 258811.582, 2535027.077 ], [ 258811.033999999985099, 2535021.25 ], [ 258811.071999999985565, 2535019.018000000156462 ], [ 258811.351, 2535013.041000000201166 ] ] ] } },
{ "type": "Feature", "properties": { }, "geometry": { "type": "Polygon", "coordinates": [ [ [ 258755.731999999989057, 2535105.455999999772757 ], [ 258758.475, 2535099.916999999899417 ], [ 258767.047, 2535099.739 ], [ 258770.813, 2535102.091 ], [ 258776.685999999986961, 2535106.929 ], [ 258776.514, 2535110.762000000104308 ], [ 258763.615, 2535112.11200000019744 ], [ 258757.481, 2535109.700999999884516 ], [ 258756.825000000011642, 2535108.807 ], [ 258755.731999999989057, 2535105.455999999772757 ] ] ] } },
{ "type": "Feature", "properties": { }, "geometry": { "type": "Polygon", "coordinates": [ [ [ 258972.391, 2534850.413000000175089 ], [ 258976.315, 2534852.034 ], [ 258975.737, 2534856.648 ], [ 258975.336000000010245, 2534857.347 ], [ 258968.31, 2534864.910999999847263 ], [ 258964.657, 2534863.231999999843538 ], [ 258967.424999999988358, 2534857.829 ], [ 258971.163, 2534851.781 ], [ 258972.391, 2534850.413000000175089 ] ] ] } },
{ "type": "Feature", "properties": { }, "geometry": { "type": "Polygon", "coordinates": [ [ [ 259057.477000000013504, 2535032.541000000201166 ], [ 259058.022999999986496, 2535031.375 ], [ 259068.764, 2535028.554 ], [ 259076.408999999985099, 2535028.983 ], [ 259076.799, 2535029.927000000141561 ], [ 259079.402, 2535037.666999999899417 ], [ 259074.465, 2535041.568 ], [ 259072.011, 2535041.859999999869615 ], [ 259063.727000000013504, 2535039.551 ], [ 259057.477000000013504, 2535032.541000000201166 ] ] ] } },
{ "type": "Feature", "properties": { }, "geometry": { "type": "Polygon", "coordinates": [ [ [ 258820.934, 2535327.896999999880791 ], [ 258827.402, 2535323.1 ], [ 258830.141, 2535325.977 ], [ 258829.666999999986729, 2535328.026999999769032 ], [ 258826.486, 2535331.389 ], [ 258825.522999999986496, 2535332.361 ], [ 258824.268000000010943, 2535332.471 ], [ 258821.962, 2535330.023 ], [ 258821.41, 2535328.972 ], [ 258820.934, 2535327.896999999880791 ] ] ] } },
{ "type": "Feature", "properties": { }, "geometry": { "type": "Polygon", "coordinates": [ [ [ 258961.170000000012806, 2534897.105 ], [ 258974.117, 2534902.595000000204891 ], [ 258971.457, 2534924.205 ], [ 258970.64000000001397, 2534925.078000000212342 ], [ 258969.256, 2534923.273 ], [ 258966.593, 2534919.474 ], [ 258961.170000000012806, 2534897.105 ] ] ] } },
{ "type": "Feature", "properties": { }, "geometry": { "type": "Polygon", "coordinates": [ [ [ 258966.579999999987194, 2535258.370000000111759 ], [ 258970.10999999998603, 2535263.606999999843538 ], [ 258969.466000000014901, 2535266.257000000216067 ], [ 258964.206, 2535269.079 ], [ 258960.589, 2535270.61200000019744 ], [ 258958.483, 2535269.214999999850988 ], [ 258958.155, 2535265.301 ], [ 258958.827, 2535261.643000000156462 ], [ 258966.579999999987194, 2535258.370000000111759 ] ] ] } },
{ "type": "Feature", "properties": { }, "geometry": { "type": "Polygon", "coordinates": [ [ [ 258804.920000000012806, 2534989.669000000227243 ], [ 258803.335, 2534978.659 ], [ 258803.568, 2534972.21100000012666 ], [ 258804.489, 2534971.651 ], [ 258812.079999999987194, 2534973.146000000182539 ], [ 258813.777, 2534974.169000000227243 ], [ 258814.897999999986496, 2534976.889 ], [ 258810.173, 2534989.37099999981001 ], [ 258807.451, 2534991.393000000156462 ], [ 258805.36799999998766, 2534990.111 ], [ 258804.920000000012806, 2534989.669000000227243 ] ] ] } },
{ "type": "Feature", "properties": { }, "geometry": { "type": "Polygon", "coordinates": [ [ [ 258932.848, 2535278.74599999981001 ], [ 258939.418, 2535267.117999999783933 ], [ 258947.831, 2535270.183999999891967 ], [ 258948.764, 2535272.98700000019744 ], [ 258944.011, 2535291.054 ], [ 258939.394, 2535295.15 ], [ 258936.036, 2535297.791999999899417 ], [ 258934.392, 2535298.836999999824911 ], [ 258933.75, 2535298.407000000122935 ], [ 258932.848, 2535278.74599999981001 ] ] ] } },
{ "type": "Feature", "properties": { }, "geometry": { "type": "Polygon", "coordinates": [ [ [ 258911.046, 2535192.87900000018999 ], [ 258906.919, 2535190.924000000115484 ], [ 258907.739, 2535185.197000000160187 ], [ 258911.071999999985565, 2535184.077 ], [ 258916.192000000010012, 2535182.785000000149012 ], [ 258918.527, 2535185.359999999869615 ], [ 258915.571, 2535192.29 ], [ 258911.046, 2535192.87900000018999 ] ] ] } },
{ "type": "Feature", "properties": { }, "geometry": { "type": "Polygon", "coordinates": [ [ [ 258692.227000000013504, 2535273.65 ], [ 258685.222, 2535272.992999999783933 ], [ 258680.85, 2535259.716 ], [ 258679.25, 2535245.369 ], [ 258684.274, 2535237.001000000163913 ], [ 258689.165, 2535234.491 ], [ 258689.983, 2535234.506 ], [ 258693.998, 2535234.901 ], [ 258699.796, 2535245.861 ], [ 258698.105000000010477, 2535264.239 ], [ 258692.812, 2535273.639 ], [ 258692.227000000013504, 2535273.65 ] ] ] } },
{ "type": "Feature", "properties": { }, "geometry": { "type": "Polygon", "coordinates": [ [ [ 258746.234, 2535088.432 ], [ 258741.054, 2535084.81900000013411 ], [ 258742.187, 2535080.582 ], [ 258742.712999999988824, 2535079.662 ], [ 258754.627, 2535077.071 ], [ 258756.609, 2535076.651999999769032 ], [ 258759.721, 2535077.142 ], [ 258759.619, 2535088.321 ], [ 258759.295000000012806, 2535090.457 ], [ 258753.067000000010012, 2535090.001999999862164 ], [ 258746.234, 2535088.432 ] ] ] } },
{ "type": "Feature", "properties": { }, "geometry": { "type": "Polygon", "coordinates": [ [ [ 258798.171, 2535109.284 ], [ 258800.295000000012806, 2535116.237999999895692 ], [ 258797.135, 2535121.773 ], [ 258796.086000000010245, 2535121.214999999850988 ], [ 258792.782, 2535119.018999999854714 ], [ 258793.024, 2535117.296999999787658 ], [ 258793.885, 2535112.11200000019744 ], [ 258796.459, 2535109.725999999791384 ], [ 258798.171, 2535109.284 ] ] ] } },
{ "type": "Feature", "properties": { }, "geometry": { "type": "Polygon", "coordinates": [ [ [ 258768.859, 2535059.443 ], [ 258768.432999999989988, 2535056.139 ], [ 258773.027, 2535052.995000000111759 ], [ 258774.397, 2535052.91399999987334 ], [ 258784.707, 2535055.918 ], [ 258785.778, 2535056.555000000167638 ], [ 258791.644999999989523, 2535060.83 ], [ 258783.817000000010012, 2535066.481999999843538 ], [ 258770.96, 2535067.6 ], [ 258768.859, 2535059.443 ] ] ] } },
{ "type": "Feature", "properties": { }, "geometry": { "type": "Polygon", "coordinates": [ [ [ 258852.859, 2535257.328000000212342 ], [ 258838.528, 2535253.066999999806285 ], [ 258840.462, 2535243.154999999795109 ], [ 258853.74, 2535242.666000000201166 ], [ 258854.16, 2535248.623000000137836 ], [ 258852.859, 2535257.328000000212342 ] ] ] } },
{ "type": "Feature", "properties": { }, "geometry": { "type": "Polygon", "coordinates": [ [ [ 259149.581, 2534858.75400000018999 ], [ 259147.828, 2534854.771000000182539 ], [ 259147.93, 2534853.330999999772757 ], [ 259156.522, 2534850.808999999891967 ], [ 259159.97, 2534853.575999999884516 ], [ 259167.503, 2534860.032000000122935 ], [ 259166.718, 2534862.329 ], [ 259160.954, 2534866.30599999986589 ], [ 259149.581, 2534858.75400000018999 ] ] ] } },
{ "type": "Feature", "properties": { }, "geometry": { "type": "Polygon", "coordinates": [ [ [ 259173.533999999985099, 2535227.457 ], [ 259177.929, 2535227.275 ], [ 259178.574, 2535227.748999999836087 ], [ 259178.866, 2535228.188999999780208 ], [ 259178.883, 2535234.717999999877065 ], [ 259176.629000000015367, 2535236.531 ], [ 259165.371000000013737, 2535237.71 ], [ 259161.426, 2535237.972 ], [ 259157.886999999987893, 2535236.825000000186265 ], [ 259158.776000000012573, 2535235.512000000104308 ], [ 259162.702, 2535233.312 ], [ 259173.533999999985099, 2535227.457 ] ] ] } },
{ "type": "Feature", "properties": { }, "geometry": { "type": "Polygon", "coordinates": [ [ [ 258873.294, 2535211.136 ], [ 258872.702, 2535207.015999999828637 ], [ 258881.093, 2535204.673 ], [ 258881.911, 2535204.596 ], [ 258883.189000000013039, 2535204.827 ], [ 258884.776000000012573, 2535205.342999999877065 ], [ 258884.367, 2535206.802000000141561 ], [ 258879.371000000013737, 2535213.78899999987334 ], [ 258876.389, 2535213.768999999854714 ], [ 258873.294, 2535211.136 ] ] ] } },
{ "type": "Feature", "properties": { }, "geometry": { "type": "Polygon", "coordinates": [ [ [ 258923.334, 2535242.231000000145286 ], [ 258924.424, 2535229.095000000204891 ], [ 258929.593, 2535227.844 ], [ 258930.131, 2535229.220000000204891 ], [ 258932.843, 2535244.301 ], [ 258930.26500000001397, 2535245.503 ], [ 258928.022999999986496, 2535245.597 ], [ 258925.748, 2535244.409 ], [ 258923.334, 2535242.231000000145286 ] ] ] } },
{ "type": "Feature", "properties": { }, "geometry": { "type": "Polygon", "coordinates": [ [ [ 258569.303000000014435, 2535048.779999999795109 ], [ 258575.841000000014901, 2535040.4 ], [ 258593.519, 2535053.875 ], [ 258593.753, 2535054.240000000223517 ], [ 258594.932999999989988, 2535056.109999999869615 ], [ 258596.782, 2535060.018999999854714 ], [ 258597.305, 2535062.629999999888241 ], [ 258596.15, 2535064.386 ], [ 258594.661, 2535064.392 ], [ 258573.568999999988591, 2535058.234999999869615 ], [ 258569.303000000014435, 2535048.779999999795109 ] ] ] } },
{ "type": "Feature", "properties": { }, "geometry": { "type": "Polygon", "coordinates": [ [ [ 259104.941, 2534951.987999999895692 ], [ 259106.560999999986961, 2534948.957 ], [ 259117.082, 2534951.929 ], [ 259119.679, 2534954.597 ], [ 259119.78, 2534954.981000000145286 ], [ 259121.228, 2534960.714000000152737 ], [ 259123.50099999998929, 2534971.185 ], [ 259121.73499999998603, 2534973.281 ], [ 259110.033, 2534970.657999999821186 ], [ 259104.941, 2534951.987999999895692 ] ] ] } },
{ "type": "Feature", "properties": { }, "geometry": { "type": "Polygon", "coordinates": [ [ [ 258943.767, 2535250.247 ], [ 258944.96, 2535260.034 ], [ 258937.971, 2535263.850999999791384 ], [ 258934.575000000011642, 2535259.466 ], [ 258935.772999999986496, 2535254.549999999813735 ], [ 258938.804, 2535252.844 ], [ 258943.767, 2535250.247 ] ] ] } },
{ "type": "Feature", "properties": { }, "geometry": { "type": "Polygon", "coordinates": [ [ [ 258909.788, 2534881.433999999891967 ], [ 258915.788999999989755, 2534875.052999999839813 ], [ 258919.583000000013271, 2534873.907999999821186 ], [ 258922.283999999985099, 2534873.884 ], [ 258927.619, 2534875.126000000163913 ], [ 258928.309, 2534875.754999999888241 ], [ 258928.351, 2534876.450000000186265 ], [ 258920.671, 2534880.62900000018999 ], [ 258919.834, 2534880.938 ], [ 258913.310999999986961, 2534881.765000000130385 ], [ 258909.788, 2534881.433999999891967 ] ] ] } },
{ "type": "Feature", "properties": { }, "geometry": { "type": "Polygon", "coordinates": [ [ [ 258668.208000000013271, 2535189.160999999847263 ], [ 258666.059, 2535184.361 ], [ 258666.50099999998929, 2535178.437 ], [ 258667.639, 2535178.29 ], [ 258668.788999999989755, 2535178.256 ], [ 258672.571, 2535182.16399999987334 ], [ 258673.394999999989523, 2535184.617 ], [ 258668.208000000013271, 2535189.160999999847263 ] ] ] } },
{ "type": "Feature", "properties": { }, "geometry": { "type": "Polygon", "coordinates": [ [ [ 259293.807999999989988, 2535027.137000000104308 ], [ 259293.434, 2535014.602 ], [ 259294.522, 2535003.784 ], [ 259297.674, 2535001.861 ], [ 259301.905999999988126, 2535003.728999999817461 ], [ 259304.00700000001234, 2535016.241 ], [ 259303.385, 2535023.643999999854714 ], [ 259301.615, 2535028.308999999891967 ], [ 259293.807999999989988, 2535027.137000000104308 ] ] ] } },
{ "type": "Feature", "properties": { }, "geometry": { "type": "Polygon", "coordinates": [ [ [ 258622.728, 2535122.808999999891967 ], [ 258625.342, 2535125.458000000100583 ], [ 258619.073, 2535131.332 ], [ 258618.450000000011642, 2535131.724 ], [ 258616.677, 2535127.418 ], [ 258616.517, 2535126.921999999787658 ], [ 258616.199, 2535125.804 ], [ 258615.929, 2535124.191000000108033 ], [ 258617.513, 2535123.469 ], [ 258622.728, 2535122.808999999891967 ] ] ] } },
{ "type": "Feature", "properties": { }, "geometry": { "type": "Polygon", "coordinates": [ [ [ 258686.29, 2535066.285999999847263 ], [ 258680.108, 2535078.438999999780208 ], [ 258679.752, 2535078.312 ], [ 258672.38200000001234, 2535067.68099999986589 ], [ 258670.892, 2535065.106999999843538 ], [ 258676.166, 2535061.794000000227243 ], [ 258681.469000000011874, 2535062.795 ], [ 258681.98499999998603, 2535063.021000000182539 ], [ 258686.29, 2535066.285999999847263 ] ] ] } },
{ "type": "Feature", "properties": { }, "geometry": { "type": "Polygon", "coordinates": [ [ [ 259013.487, 2535123.026 ], [ 259008.469000000011874, 2535129.776 ], [ 258995.353, 2535125.566999999806285 ], [ 258994.837, 2535124.971 ], [ 258992.747, 2535117.49599999981001 ], [ 258994.399, 2535116.882000000216067 ], [ 259007.986, 2535115.708999999798834 ], [ 259009.806000000011409, 2535117.298 ], [ 259013.487, 2535123.026 ] ] ] } },
{ "type": "Feature", "properties": { }, "geometry": { "type": "Polygon", "coordinates": [ [ [ 259037.883, 2535025.43099999986589 ], [ 259044.796, 2535032.279999999795109 ], [ 259044.366, 2535033.696 ], [ 259043.545000000012806, 2535034.075999999884516 ], [ 259043.424999999988358, 2535034.055000000167638 ], [ 259037.394, 2535029.796999999787658 ], [ 259036.142, 2535028.807 ], [ 259036.853, 2535026.938 ], [ 259037.883, 2535025.43099999986589 ] ] ] } },
{ "type": "Feature", "properties": { }, "geometry": { "type": "Polygon", "coordinates": [ [ [ 259139.968, 2534906.009999999776483 ], [ 259143.341000000014901, 2534901.044000000227243 ], [ 259146.621000000013737, 2534902.25 ], [ 259152.454, 2534908.336999999824911 ], [ 259152.397, 2534913.052999999839813 ], [ 259151.633, 2534915.098000000230968 ], [ 259147.557, 2534917.534 ], [ 259146.483, 2534917.410000000149012 ], [ 259139.968, 2534906.009999999776483 ] ] ] } },
{ "type": "Feature", "properties": { }, "geometry": { "type": "Polygon", "coordinates": [ [ [ 259125.068, 2534866.214999999850988 ], [ 259120.74299999998766, 2534864.582 ], [ 259122.048, 2534861.157000000122935 ], [ 259122.087, 2534861.075000000186265 ], [ 259128.056000000011409, 2534854.975 ], [ 259129.737, 2534853.386 ], [ 259132.920000000012806, 2534855.278 ], [ 259132.829999999987194, 2534858.913000000175089 ], [ 259131.678000000014435, 2534862.99599999981001 ], [ 259125.068, 2534866.214999999850988 ] ] ] } },
{ "type": "Feature", "properties": { }, "geometry": { "type": "Polygon", "coordinates": [ [ [ 258993.734, 2535190.808999999891967 ], [ 259000.446999999985565, 2535198.068 ], [ 258993.367, 2535205.254999999888241 ], [ 258991.016, 2535206.231000000145286 ], [ 258982.108, 2535205.36200000019744 ], [ 258984.772, 2535197.683000000193715 ], [ 258985.754000000015367, 2535196.632000000216067 ], [ 258990.644999999989523, 2535191.964000000152737 ], [ 258993.734, 2535190.808999999891967 ] ] ] } },
{ "type": "Feature", "properties": { }, "geometry": { "type": "Polygon", "coordinates": [ [ [ 258672.419, 2535327.403 ], [ 258678.128, 2535323.092999999877065 ], [ 258678.961000000010245, 2535323.953000000212342 ], [ 258681.522999999986496, 2535328.983 ], [ 258681.353, 2535332.242 ], [ 258679.864, 2535336.097 ], [ 258678.067000000010012, 2535336.5 ], [ 258676.209, 2535335.001999999862164 ], [ 258673.703, 2535332.668 ], [ 258672.419, 2535327.403 ] ] ] } },
{ "type": "Feature", "properties": { }, "geometry": { "type": "Polygon", "coordinates": [ [ [ 258843.212999999988824, 2534808.984999999869615 ], [ 258842.101, 2534801.267 ], [ 258842.471, 2534798.62900000018999 ], [ 258847.835, 2534793.617 ], [ 258848.59, 2534793.642 ], [ 258850.798, 2534793.785000000149012 ], [ 258851.596, 2534794.171 ], [ 258855.663, 2534806.213 ], [ 258854.052, 2534810.659 ], [ 258849.195, 2534817.017 ], [ 258846.44, 2534814.788000000175089 ], [ 258843.212999999988824, 2534808.984999999869615 ] ] ] } },
{ "type": "Feature", "properties": { }, "geometry": { "type": "Polygon", "coordinates": [ [ [ 258998.051, 2534875.387000000104308 ], [ 259006.125, 2534880.6 ], [ 259005.649, 2534885.950999999884516 ], [ 259005.426, 2534887.353999999817461 ], [ 259002.456, 2534888.526 ], [ 258998.435, 2534878.467000000178814 ], [ 258998.051, 2534875.387000000104308 ] ] ] } },
{ "type": "Feature", "properties": { }, "geometry": { "type": "Polygon", "coordinates": [ [ [ 258682.629000000015367, 2535153.795 ], [ 258689.472, 2535142.737999999895692 ], [ 258690.306000000011409, 2535142.045 ], [ 258690.824, 2535141.702 ], [ 258695.312, 2535142.791999999899417 ], [ 258697.644999999989523, 2535146.742 ], [ 258695.155999999988126, 2535151.734000000171363 ], [ 258691.017, 2535157.981999999843538 ], [ 258685.553000000014435, 2535158.145 ], [ 258682.629000000015367, 2535153.795 ] ] ] } },
{ "type": "Feature", "properties": { }, "geometry": { "type": "Polygon", "coordinates": [ [ [ 258974.480000000010477, 2534876.62099999981001 ], [ 258975.62599999998929, 2534870.037 ], [ 258979.104, 2534857.643999999854714 ], [ 258988.291, 2534858.154 ], [ 258995.386999999987893, 2534861.544000000227243 ], [ 258996.029, 2534862.13799999980256 ], [ 258987.622, 2534874.705999999772757 ], [ 258983.033999999985099, 2534880.399000000208616 ], [ 258975.57, 2534877.293 ], [ 258974.480000000010477, 2534876.62099999981001 ] ] ] } },
{ "type": "Feature", "properties": { }, "geometry": { "type": "Polygon", "coordinates": [ [ [ 258912.256, 2535147.234000000171363 ], [ 258918.987, 2535142.832 ], [ 258919.752, 2535143.305000000167638 ], [ 258923.604, 2535146.011 ], [ 258920.166, 2535156.651999999769032 ], [ 258920.002, 2535156.799000000115484 ], [ 258915.595, 2535159.339999999850988 ], [ 258913.14000000001397, 2535155.549000000115484 ], [ 258912.467, 2535152.884 ], [ 258912.256, 2535147.234000000171363 ] ] ] } },
{ "type": "Feature", "properties": { }, "geometry": { "type": "Polygon", "coordinates": [ [ [ 259113.264, 2534938.24599999981001 ], [ 259115.348, 2534943.242 ], [ 259115.196999999985565, 2534943.954 ], [ 259114.383, 2534945.660000000149012 ], [ 259106.064000000013039, 2534947.785999999847263 ], [ 259104.78, 2534946.365000000223517 ], [ 259104.627, 2534942.67 ], [ 259110.121000000013737, 2534938.146999999880791 ], [ 259113.264, 2534938.24599999981001 ] ] ] } },
{ "type": "Feature", "properties": { }, "geometry": { "type": "Polygon", "coordinates": [ [ [ 259151.259, 2535051.264 ], [ 259150.962999999988824, 2535045.274000000208616 ], [ 259153.577, 2535044.134 ], [ 259155.301, 2535045.066999999806285 ], [ 259158.567000000010012, 2535048.294000000227243 ], [ 259158.799, 2535050.453000000212342 ], [ 259151.259, 2535051.264 ] ] ] } },
{ "type": "Feature", "properties": { }, "geometry": { "type": "Polygon", "coordinates": [ [ [ 258881.473999999987427, 2535136.771999999880791 ], [ 258890.041999999986729, 2535132.008 ], [ 258890.412000000011176, 2535132.937 ], [ 258893.629000000015367, 2535141.140000000130385 ], [ 258893.598999999987427, 2535142.532999999821186 ], [ 258889.56, 2535145.407000000122935 ], [ 258888.852000000013504, 2535145.197999999858439 ], [ 258882.045000000012806, 2535137.544000000227243 ], [ 258881.655, 2535137.045 ], [ 258881.473999999987427, 2535136.771999999880791 ] ] ] } },
{ "type": "Feature", "properties": { }, "geometry": { "type": "Polygon", "coordinates": [ [ [ 259053.89000000001397, 2534870.454 ], [ 259049.204, 2534865.779 ], [ 259051.948, 2534860.71 ], [ 259054.185999999986961, 2534858.640999999828637 ], [ 259062.01, 2534860.946 ], [ 259062.555, 2534861.307 ], [ 259065.688, 2534864.393000000156462 ], [ 259065.807, 2534865.606000000145286 ], [ 259065.36799999998766, 2534866.79 ], [ 259059.538999999989755, 2534870.106999999843538 ], [ 259053.89000000001397, 2534870.454 ] ] ] } },
{ "type": "Feature", "properties": { }, "geometry": { "type": "Polygon", "coordinates": [ [ [ 258784.101, 2535188.433000000193715 ], [ 258778.63, 2535183.696 ], [ 258778.703, 2535182.660000000149012 ], [ 258790.345, 2535176.728000000119209 ], [ 258792.702, 2535176.367999999783933 ], [ 258794.426, 2535178.915 ], [ 258795.339, 2535181.796999999787658 ], [ 258795.62599999998929, 2535183.054 ], [ 258795.184, 2535183.827 ], [ 258788.087, 2535187.883 ], [ 258786.51500000001397, 2535188.23 ], [ 258784.101, 2535188.433000000193715 ] ] ] } },
{ "type": "Feature", "properties": { }, "geometry": { "type": "Polygon", "coordinates": [ [ [ 258897.111, 2535060.433000000193715 ], [ 258894.674, 2535055.27 ], [ 258898.196, 2535049.58 ], [ 258904.945, 2535052.856000000145286 ], [ 258904.85, 2535054.427999999839813 ], [ 258900.718, 2535058.673 ], [ 258897.111, 2535060.433000000193715 ] ] ] } },
{ "type": "Feature", "properties": { }, "geometry": { "type": "Polygon", "coordinates": [ [ [ 258797.095, 2535394.984000000171363 ], [ 258788.629000000015367, 2535404.952 ], [ 258786.952, 2535404.123000000137836 ], [ 258785.073, 2535397.634999999776483 ], [ 258787.464, 2535394.052999999839813 ], [ 258789.25700000001234, 2535393.006 ], [ 258797.888, 2535390.108 ], [ 258797.504000000015367, 2535393.398 ], [ 258797.095, 2535394.984000000171363 ] ] ] } },
{ "type": "Feature", "properties": { }, "geometry": { "type": "Polygon", "coordinates": [ [ [ 258601.905999999988126, 2535360.348000000230968 ], [ 258612.875, 2535357.18099999986589 ], [ 258615.149, 2535356.808999999891967 ], [ 258615.704, 2535358.725999999791384 ], [ 258615.74299999998766, 2535365.114 ], [ 258615.703, 2535367.525 ], [ 258612.91, 2535368.208000000100583 ], [ 258609.122, 2535368.00400000018999 ], [ 258603.06, 2535361.779 ], [ 258601.905999999988126, 2535360.348000000230968 ] ] ] } },
{ "type": "Feature", "properties": { }, "geometry": { "type": "Polygon", "coordinates": [ [ [ 259073.239, 2535287.026 ], [ 259078.836000000010245, 2535289.419000000227243 ], [ 259078.212999999988824, 2535295.782999999821186 ], [ 259073.218, 2535301.490000000223517 ], [ 259062.935, 2535299.282000000122935 ], [ 259060.533, 2535297.458999999798834 ], [ 259063.221, 2535294.571 ], [ 259073.239, 2535287.026 ] ] ] } },
{ "type": "Feature", "properties": { }, "geometry": { "type": "Polygon", "coordinates": [ [ [ 258697.09, 2535391.291000000201166 ], [ 258697.497, 2535386.872 ], [ 258700.196, 2535386.339000000152737 ], [ 258700.456, 2535386.335 ], [ 258703.049, 2535388.913000000175089 ], [ 258701.801, 2535396.058999999891967 ], [ 258699.450000000011642, 2535397.166999999899417 ], [ 258699.245, 2535396.703000000212342 ], [ 258697.09, 2535391.291000000201166 ] ] ] } },
{ "type": "Feature", "properties": { }, "geometry": { "type": "Polygon", "coordinates": [ [ [ 258841.946, 2535261.904999999795109 ], [ 258847.681000000011409, 2535263.223000000230968 ], [ 258851.237, 2535265.348000000230968 ], [ 258860.038999999989755, 2535272.302000000141561 ], [ 258856.353, 2535276.367 ], [ 258855.057, 2535277.376999999862164 ], [ 258848.519, 2535279.875 ], [ 258844.619, 2535270.382000000216067 ], [ 258842.048, 2535262.660000000149012 ], [ 258841.946, 2535261.904999999795109 ] ] ] } },
{ "type": "Feature", "properties": { }, "geometry": { "type": "Polygon", "coordinates": [ [ [ 259178.127, 2535165.660999999847263 ], [ 259174.623, 2535166.018999999854714 ], [ 259166.087, 2535161.589999999850988 ], [ 259164.658999999985099, 2535160.217999999877065 ], [ 259161.956, 2535153.253 ], [ 259163.769999999989523, 2535152.830999999772757 ], [ 259167.193999999988591, 2535153.98700000019744 ], [ 259173.295000000012806, 2535156.342999999877065 ], [ 259178.127, 2535165.660999999847263 ] ] ] } },
{ "type": "Feature", "properties": { }, "geometry": { "type": "Polygon", "coordinates": [ [ [ 258773.027, 2535149.612999999895692 ], [ 258784.584, 2535142.525 ], [ 258785.389, 2535151.53899999987334 ], [ 258785.481999999989057, 2535153.026 ], [ 258784.32, 2535153.74599999981001 ], [ 258773.027, 2535149.612999999895692 ] ] ] } },
{ "type": "Feature", "properties": { }, "geometry": { "type": "Polygon", "coordinates": [ [ [ 258609.1, 2535178.174999999813735 ], [ 258606.723999999987427, 2535172.299999999813735 ], [ 258610.634, 2535168.714000000152737 ], [ 258612.487, 2535167.782000000122935 ], [ 258613.938, 2535167.626999999862164 ], [ 258618.079999999987194, 2535168.407000000122935 ], [ 258617.200000000011642, 2535174.097 ], [ 258613.766, 2535176.656 ], [ 258609.1, 2535178.174999999813735 ] ] ] } },
{ "type": "Feature", "properties": { }, "geometry": { "type": "Polygon", "coordinates": [ [ [ 258815.85999999998603, 2535181.376999999862164 ], [ 258822.465, 2535189.146999999880791 ], [ 258821.174, 2535191.048 ], [ 258817.428000000014435, 2535192.336999999824911 ], [ 258813.700000000011642, 2535191.907000000122935 ], [ 258811.00099999998929, 2535190.776999999769032 ], [ 258807.693, 2535184.643999999854714 ], [ 258811.060999999986961, 2535181.295 ], [ 258815.85999999998603, 2535181.376999999862164 ] ] ] } },
{ "type": "Feature", "properties": { }, "geometry": { "type": "Polygon", "coordinates": [ [ [ 259196.025, 2535229.813999999780208 ], [ 259192.780999999988126, 2535236.913000000175089 ], [ 259186.018000000010943, 2535235.731999999843538 ], [ 259185.559, 2535232.756 ], [ 259189.644999999989523, 2535230.140000000130385 ], [ 259195.924999999988358, 2535229.25 ], [ 259196.025, 2535229.813999999780208 ] ] ] } },
{ "type": "Feature", "properties": { }, "geometry": { "type": "Polygon", "coordinates": [ [ [ 258808.106999999989057, 2535155.878 ], [ 258803.09, 2535153.892 ], [ 258803.422, 2535147.01299999980256 ], [ 258809.579999999987194, 2535143.106999999843538 ], [ 258810.839, 2535143.543 ], [ 258814.728, 2535145.592000000178814 ], [ 258815.919, 2535148.683000000193715 ], [ 258815.483, 2535150.133 ], [ 258808.106999999989057, 2535155.878 ] ] ] } },
{ "type": "Feature", "properties": { }, "geometry": { "type": "Polygon", "coordinates": [ [ [ 258759.51500000001397, 2534950.043 ], [ 258752.682, 2534948.762000000104308 ], [ 258752.295000000012806, 2534947.329 ], [ 258752.011, 2534945.683999999891967 ], [ 258760.548, 2534943.585 ], [ 258762.56, 2534944.623999999836087 ], [ 258762.807, 2534945.491 ], [ 258760.844000000011874, 2534949.561000000219792 ], [ 258759.51500000001397, 2534950.043 ] ] ] } },
{ "type": "Feature", "properties": { }, "geometry": { "type": "Polygon", "coordinates": [ [ [ 259282.313, 2535086.83600000012666 ], [ 259279.776000000012573, 2535084.33600000012666 ], [ 259283.794, 2535080.546 ], [ 259285.786, 2535079.119 ], [ 259286.14000000001397, 2535078.892 ], [ 259292.230000000010477, 2535079.089000000152737 ], [ 259292.204999999987194, 2535081.48700000019744 ], [ 259291.519999999989523, 2535082.467000000178814 ], [ 259285.495, 2535086.296999999787658 ], [ 259283.422, 2535086.722 ], [ 259282.313, 2535086.83600000012666 ] ] ] } },
{ "type": "Feature", "properties": { }, "geometry": { "type": "Polygon", "coordinates": [ [ [ 258606.056000000011409, 2534955.595000000204891 ], [ 258610.166, 2534955.200000000186265 ], [ 258612.772999999986496, 2534956.061000000219792 ], [ 258613.025, 2534956.162 ], [ 258613.712, 2534957.886 ], [ 258612.307, 2534960.927999999839813 ], [ 258609.451, 2534964.918 ], [ 258608.548, 2534965.873999999836087 ], [ 258605.81, 2534967.240000000223517 ], [ 258605.476, 2534966.471 ], [ 258605.431000000011409, 2534965.575999999884516 ], [ 258605.853, 2534958.654999999795109 ], [ 258606.056000000011409, 2534955.595000000204891 ] ] ] } },
{ "type": "Feature", "properties": { }, "geometry": { "type": "Polygon", "coordinates": [ [ [ 258910.291999999986729, 2535110.758 ], [ 258908.716000000014901, 2535109.106000000145286 ], [ 258908.938, 2535108.245000000111759 ], [ 258909.419, 2535107.866 ], [ 258915.883, 2535105.606000000145286 ], [ 258916.6, 2535105.407000000122935 ], [ 258919.644, 2535106.063999999780208 ], [ 258918.484, 2535112.866 ], [ 258918.147, 2535113.907999999821186 ], [ 258916.950000000011642, 2535117.265999999828637 ], [ 258910.291999999986729, 2535110.758 ] ] ] } },
{ "type": "Feature", "properties": { }, "geometry": { "type": "Polygon", "coordinates": [ [ [ 259098.837, 2535224.835 ], [ 259091.744, 2535218.491 ], [ 259091.87400000001071, 2535217.708999999798834 ], [ 259093.854, 2535216.924000000115484 ], [ 259102.26, 2535217.177999999839813 ], [ 259105.91, 2535219.5 ], [ 259110.859, 2535223.848000000230968 ], [ 259108.064000000013039, 2535229.062 ], [ 259105.237, 2535230.484000000171363 ], [ 259098.837, 2535224.835 ] ] ] } },
{ "type": "Feature", "properties": { }, "geometry": { "type": "Polygon", "coordinates": [ [ [ 258970.105000000010477, 2535254.012000000104308 ], [ 258966.548, 2535250.134999999776483 ], [ 258966.957, 2535246.799999999813735 ], [ 258967.769, 2535246.06 ], [ 258968.563, 2535245.577 ], [ 258975.009, 2535246.004999999888241 ], [ 258976.083000000013271, 2535247.48 ], [ 258973.230000000010477, 2535251.574 ], [ 258970.105000000010477, 2535254.012000000104308 ] ] ] } },
{ "type": "Feature", "properties": { }, "geometry": { "type": "Polygon", "coordinates": [ [ [ 259003.372, 2534894.716 ], [ 258997.568, 2534895.805000000167638 ], [ 258997.122, 2534895.741 ], [ 258995.96, 2534895.561000000219792 ], [ 258995.612, 2534894.75400000018999 ], [ 258995.595, 2534888.907000000122935 ], [ 259003.13200000001234, 2534890.81 ], [ 259003.372, 2534894.716 ] ] ] } },
{ "type": "Feature", "properties": { }, "geometry": { "type": "Polygon", "coordinates": [ [ [ 258977.413999999989755, 2535240.68099999986589 ], [ 258972.902, 2535235.196 ], [ 258973.176, 2535230.367 ], [ 258976.981, 2535230.112999999895692 ], [ 258982.674999999988358, 2535229.882000000216067 ], [ 258984.884, 2535230.404 ], [ 258981.89000000001397, 2535238.753 ], [ 258977.413999999989755, 2535240.68099999986589 ] ] ] } },
{ "type": "Feature", "properties": { }, "geometry": { "type": "Polygon", "coordinates": [ [ [ 258817.685999999986961, 2534801.918 ], [ 258823.745, 2534811.02 ], [ 258819.979, 2534818.355 ], [ 258818.5, 2534819.495000000111759 ], [ 258811.525, 2534808.237999999895692 ], [ 258807.996000000013737, 2534802.453000000212342 ], [ 258810.052, 2534801.92 ], [ 258817.685999999986961, 2534801.918 ] ] ] } },
{ "type": "Feature", "properties": { }, "geometry": { "type": "Polygon", "coordinates": [ [ [ 258987.087999999988824, 2535240.813 ], [ 258987.894999999989523, 2535230.739 ], [ 258992.557, 2535229.904999999795109 ], [ 258995.06, 2535231.065 ], [ 258995.4, 2535231.808000000193715 ], [ 258993.097, 2535239.714000000152737 ], [ 258992.473, 2535240.472 ], [ 258990.537000000011176, 2535241.390999999828637 ], [ 258987.566, 2535241.021000000182539 ], [ 258987.087999999988824, 2535240.813 ] ] ] } },
{ "type": "Feature", "properties": { }, "geometry": { "type": "Polygon", "coordinates": [ [ [ 259161.949, 2535056.108 ], [ 259161.796, 2535052.841 ], [ 259163.718, 2535048.305000000167638 ], [ 259164.472, 2535047.035999999847263 ], [ 259174.116, 2535049.265000000130385 ], [ 259175.888, 2535049.92 ], [ 259170.642, 2535058.524000000208616 ], [ 259163.348, 2535060.842000000178814 ], [ 259161.949, 2535056.108 ] ] ] } },
{ "type": "Feature", "properties": { }, "geometry": { "type": "Polygon", "coordinates": [ [ [ 259014.810999999986961, 2534935.142 ], [ 259022.293, 2534926.666000000201166 ], [ 259030.818999999988591, 2534938.225 ], [ 259031.152, 2534941.845000000204891 ], [ 259030.924, 2534942.967000000178814 ], [ 259026.209, 2534945.889 ], [ 259020.696999999985565, 2534942.089999999850988 ], [ 259014.810999999986961, 2534935.142 ] ] ] } },
{ "type": "Feature", "properties": { }, "geometry": { "type": "Polygon", "coordinates": [ [ [ 258615.821, 2534882.146000000182539 ], [ 258618.408, 2534881.066000000108033 ], [ 258618.684, 2534883.654999999795109 ], [ 258618.057999999989988, 2534886.33 ], [ 258616.872, 2534887.384999999776483 ], [ 258616.342, 2534887.656 ], [ 258616.077, 2534887.438 ], [ 258615.821, 2534882.146000000182539 ] ] ] } },
{ "type": "Feature", "properties": { }, "geometry": { "type": "Polygon", "coordinates": [ [ [ 258672.519999999989523, 2535225.535000000149012 ], [ 258667.739, 2535219.995000000111759 ], [ 258668.354, 2535215.025 ], [ 258670.744, 2535214.282000000122935 ], [ 258673.033, 2535214.454 ], [ 258675.188, 2535216.390000000130385 ], [ 258675.701, 2535219.308999999891967 ], [ 258672.519999999989523, 2535225.535000000149012 ] ] ] } },
{ "type": "Feature", "properties": { }, "geometry": { "type": "Polygon", "coordinates": [ [ [ 258930.293, 2534936.075999999884516 ], [ 258932.912000000011176, 2534931.878 ], [ 258935.332, 2534932.045 ], [ 258941.85, 2534936.353000000119209 ], [ 258942.049999999988358, 2534936.585 ], [ 258942.056000000011409, 2534936.796999999787658 ], [ 258941.715, 2534937.293 ], [ 258940.525, 2534938.227 ], [ 258934.283999999985099, 2534939.362999999895692 ], [ 258931.943, 2534938.421 ], [ 258930.293, 2534936.075999999884516 ] ] ] } },
{ "type": "Feature", "properties": { }, "geometry": { "type": "Polygon", "coordinates": [ [ [ 258700.383, 2534870.677000000141561 ], [ 258700.718, 2534864.813 ], [ 258703.109, 2534865.19 ], [ 258703.576, 2534866.356999999843538 ], [ 258703.676, 2534869.77 ], [ 258703.4, 2534872.653 ], [ 258702.845, 2534874.25 ], [ 258700.687, 2534873.100999999791384 ], [ 258700.383, 2534870.677000000141561 ] ] ] } },
{ "type": "Feature", "properties": { }, "geometry": { "type": "Polygon", "coordinates": [ [ [ 259044.06, 2535171.865000000223517 ], [ 259041.24299999998766, 2535173.633 ], [ 259036.559, 2535170.700999999884516 ], [ 259034.575000000011642, 2535166.615000000223517 ], [ 259036.411, 2535166.349 ], [ 259038.355000000010477, 2535166.52 ], [ 259039.916999999986729, 2535166.716 ], [ 259044.06, 2535171.865000000223517 ] ] ] } },
{ "type": "Feature", "properties": { }, "geometry": { "type": "Polygon", "coordinates": [ [ [ 259032.655, 2535119.811000000219792 ], [ 259034.283, 2535116.447000000160187 ], [ 259036.99, 2535115.705999999772757 ], [ 259038.776000000012573, 2535115.236 ], [ 259040.597, 2535115.08600000012666 ], [ 259043.473, 2535116.278 ], [ 259044.986, 2535116.93099999986589 ], [ 259044.693, 2535117.251000000163913 ], [ 259035.14000000001397, 2535120.825999999884516 ], [ 259032.655, 2535119.811000000219792 ] ] ] } },
{ "type": "Feature", "properties": { }, "geometry": { "type": "Polygon", "coordinates": [ [ [ 259163.25099999998929, 2534880.157000000122935 ], [ 259159.783, 2534879.523 ], [ 259156.832, 2534876.622 ], [ 259154.405, 2534873.782999999821186 ], [ 259154.391, 2534871.71100000012666 ], [ 259163.108, 2534870.112999999895692 ], [ 259164.537000000011176, 2534870.109999999869615 ], [ 259169.293, 2534873.938 ], [ 259169.422, 2534875.322999999858439 ], [ 259163.864, 2534879.714000000152737 ], [ 259163.25099999998929, 2534880.157000000122935 ] ] ] } },
{ "type": "Feature", "properties": { }, "geometry": { "type": "Polygon", "coordinates": [ [ [ 258874.143000000010943, 2535118.515999999828637 ], [ 258870.204, 2535110.653 ], [ 258870.369, 2535108.37099999981001 ], [ 258870.752, 2535107.67 ], [ 258878.09, 2535103.748999999836087 ], [ 258879.894999999989523, 2535105.48 ], [ 258880.451, 2535110.966 ], [ 258878.825000000011642, 2535117.507000000216067 ], [ 258874.143000000010943, 2535118.515999999828637 ] ] ] } },
{ "type": "Feature", "properties": { }, "geometry": { "type": "Polygon", "coordinates": [ [ [ 258708.108, 2534916.767 ], [ 258708.442000000010012, 2534910.341 ], [ 258713.541999999986729, 2534918.704 ], [ 258713.831, 2534923.383 ], [ 258709.11799999998766, 2534921.694999999832362 ], [ 258708.438, 2534918.571 ], [ 258708.108, 2534916.767 ] ] ] } },
{ "type": "Feature", "properties": { }, "geometry": { "type": "Polygon", "coordinates": [ [ [ 258917.538, 2535254.146000000182539 ], [ 258922.098, 2535253.562 ], [ 258927.141, 2535256.083000000100583 ], [ 258927.468, 2535256.370000000111759 ], [ 258924.543, 2535259.001000000163913 ], [ 258924.006, 2535259.390000000130385 ], [ 258922.538, 2535258.412 ], [ 258917.538, 2535254.146000000182539 ] ] ] } },
{ "type": "Feature", "properties": { }, "geometry": { "type": "Polygon", "coordinates": [ [ [ 259194.663999999989755, 2535034.808000000193715 ], [ 259194.24900000001071, 2535037.739 ], [ 259187.511, 2535041.401999999769032 ], [ 259186.37599999998929, 2535040.079 ], [ 259185.670000000012806, 2535037.779999999795109 ], [ 259192.821999999985565, 2535034.102 ], [ 259194.663999999989755, 2535034.808000000193715 ] ] ] } },
{ "type": "Feature", "properties": { }, "geometry": { "type": "Polygon", "coordinates": [ [ [ 259073.916, 2534890.867 ], [ 259077.859, 2534884.66399999987334 ], [ 259082.745, 2534885.509 ], [ 259086.543, 2534890.545 ], [ 259076.579999999987194, 2534893.257000000216067 ], [ 259076.238000000012107, 2534893.168 ], [ 259073.916, 2534890.867 ] ] ] } },
{ "type": "Feature", "properties": { }, "geometry": { "type": "Polygon", "coordinates": [ [ [ 258775.261, 2535092.93099999986589 ], [ 258767.468, 2535080.052000000141561 ], [ 258767.864, 2535076.71100000012666 ], [ 258776.938, 2535079.71100000012666 ], [ 258779.511, 2535091.472 ], [ 258777.365, 2535092.222 ], [ 258775.261, 2535092.93099999986589 ] ] ] } },
{ "type": "Feature", "properties": { }, "geometry": { "type": "Polygon", "coordinates": [ [ [ 258892.975, 2535176.103999999817461 ], [ 258885.764, 2535170.254999999888241 ], [ 258891.881, 2535167.967999999877065 ], [ 258892.828, 2535168.295 ], [ 258893.231999999989057, 2535170.279999999795109 ], [ 258892.975, 2535176.103999999817461 ] ] ] } },
{ "type": "Feature", "properties": { }, "geometry": { "type": "Polygon", "coordinates": [ [ [ 258716.333000000013271, 2535145.48 ], [ 258714.818, 2535148.764 ], [ 258711.264, 2535147.967999999877065 ], [ 258705.836000000010245, 2535144.117999999783933 ], [ 258706.065, 2535141.409 ], [ 258706.859, 2535140.879999999888241 ], [ 258715.204, 2535142.307 ], [ 258716.333000000013271, 2535145.48 ] ] ] } },
{ "type": "Feature", "properties": { }, "geometry": { "type": "Polygon", "coordinates": [ [ [ 258683.538, 2535179.091 ], [ 258678.555, 2535183.450999999884516 ], [ 258676.358, 2535183.258 ], [ 258673.981, 2535173.96 ], [ 258674.938, 2535173.193 ], [ 258675.772999999986496, 2535173.166999999899417 ], [ 258682.375, 2535176.240000000223517 ], [ 258683.538, 2535179.091 ] ] ] } },
{ "type": "Feature", "properties": { }, "geometry": { "type": "Polygon", "coordinates": [ [ [ 259015.157, 2535323.302000000141561 ], [ 259013.907, 2535321.379999999888241 ], [ 259016.591000000014901, 2535318.549000000115484 ], [ 259019.5, 2535318.471 ], [ 259023.192000000010012, 2535319.825999999884516 ], [ 259022.835, 2535320.223000000230968 ], [ 259015.157, 2535323.302000000141561 ] ] ] } },
{ "type": "Feature", "properties": { }, "geometry": { "type": "Polygon", "coordinates": [ [ [ 258603.033, 2535006.4 ], [ 258609.049, 2535004.262000000104308 ], [ 258610.325000000011642, 2535008.586999999824911 ], [ 258610.329999999987194, 2535011.775 ], [ 258610.123, 2535013.873999999836087 ], [ 258609.764, 2535014.682 ], [ 258603.033, 2535006.4 ] ] ] } },
{ "type": "Feature", "properties": { }, "geometry": { "type": "Polygon", "coordinates": [ [ [ 259137.056000000011409, 2534937.202 ], [ 259134.846, 2534932.708999999798834 ], [ 259135.579, 2534924.731000000145286 ], [ 259138.609, 2534923.149000000208616 ], [ 259142.791999999986729, 2534924.373999999836087 ], [ 259144.475, 2534925.03899999987334 ], [ 259143.353, 2534929.699 ], [ 259142.63, 2534932.382000000216067 ], [ 259137.056000000011409, 2534937.202 ] ] ] } },
{ "type": "Feature", "properties": { }, "geometry": { "type": "Polygon", "coordinates": [ [ [ 258728.681000000011409, 2535232.194999999832362 ], [ 258734.329, 2535227.239 ], [ 258737.334, 2535229.140000000130385 ], [ 258737.972, 2535233.56900000013411 ], [ 258735.653, 2535234.767 ], [ 258734.488000000012107, 2535235.261 ], [ 258729.49900000001071, 2535235.163000000175089 ], [ 258728.681000000011409, 2535232.194999999832362 ] ] ] } },
{ "type": "Feature", "properties": { }, "geometry": { "type": "Polygon", "coordinates": [ [ [ 258837.413, 2535136.628 ], [ 258837.299999999988358, 2535134.36200000019744 ], [ 258838.185999999986961, 2535129.971 ], [ 258838.941, 2535129.919000000227243 ], [ 258846.056000000011409, 2535134.063 ], [ 258846.147999999986496, 2535134.509 ], [ 258846.154, 2535134.83 ], [ 258840.465, 2535136.497 ], [ 258837.413, 2535136.628 ] ] ] } },
{ "type": "Feature", "properties": { }, "geometry": { "type": "Polygon", "coordinates": [ [ [ 258898.826, 2534905.262000000104308 ], [ 258906.818, 2534903.69 ], [ 258908.606, 2534906.186000000219792 ], [ 258909.146, 2534909.023 ], [ 258907.339, 2534911.719 ], [ 258906.177, 2534911.572000000160187 ], [ 258899.699, 2534908.399000000208616 ], [ 258898.826, 2534905.262000000104308 ] ] ] } },
{ "type": "Feature", "properties": { }, "geometry": { "type": "Polygon", "coordinates": [ [ [ 259122.373, 2535001.330999999772757 ], [ 259124.093, 2534992.066000000108033 ], [ 259126.412000000011176, 2534990.046 ], [ 259128.435, 2534991.454 ], [ 259130.748, 2535003.293 ], [ 259125.592, 2535002.285999999847263 ], [ 259122.373, 2535001.330999999772757 ] ] ] } },
{ "type": "Feature", "properties": { }, "geometry": { "type": "Polygon", "coordinates": [ [ [ 258738.386999999987893, 2535057.703000000212342 ], [ 258730.13, 2535057.846 ], [ 258730.541, 2535051.589000000152737 ], [ 258732.666, 2535047.41399999987334 ], [ 258733.422, 2535047.078000000212342 ], [ 258739.063, 2535048.378 ], [ 258741.329999999987194, 2535050.452 ], [ 258740.343, 2535054.38799999980256 ], [ 258738.386999999987893, 2535057.703000000212342 ] ] ] } },
{ "type": "Feature", "properties": { }, "geometry": { "type": "Polygon", "coordinates": [ [ [ 258751.309, 2535066.62099999981001 ], [ 258748.085, 2535069.376000000163913 ], [ 258743.608, 2535069.312 ], [ 258741.179, 2535066.757000000216067 ], [ 258741.598999999987427, 2535065.014 ], [ 258742.09, 2535064.782999999821186 ], [ 258742.939000000013039, 2535064.395 ], [ 258747.704999999987194, 2535063.634 ], [ 258747.995, 2535063.747 ], [ 258751.227000000013504, 2535065.933000000193715 ], [ 258751.309, 2535066.62099999981001 ] ] ] } },
{ "type": "Feature", "properties": { }, "geometry": { "type": "Polygon", "coordinates": [ [ [ 259334.13, 2535066.653 ], [ 259341.693, 2535065.865000000223517 ], [ 259341.643000000010943, 2535067.319999999832362 ], [ 259339.106999999989057, 2535073.625 ], [ 259336.106999999989057, 2535074.955 ], [ 259334.821, 2535072.642 ], [ 259334.13, 2535066.653 ] ] ] } },
{ "type": "Feature", "properties": { }, "geometry": { "type": "Polygon", "coordinates": [ [ [ 259019.889, 2535127.912 ], [ 259015.21, 2535122.974 ], [ 259015.82, 2535119.682 ], [ 259017.730000000010477, 2535118.77 ], [ 259019.456, 2535119.585 ], [ 259020.188, 2535124.347 ], [ 259019.969000000011874, 2535127.247 ], [ 259019.889, 2535127.912 ] ] ] } },
{ "type": "Feature", "properties": { }, "geometry": { "type": "Polygon", "coordinates": [ [ [ 258978.123, 2535021.794000000227243 ], [ 258983.952, 2535014.46 ], [ 258986.388, 2535015.333999999798834 ], [ 258993.146, 2535019.18099999986589 ], [ 258991.806000000011409, 2535025.42 ], [ 258991.34, 2535027.464000000152737 ], [ 258984.693999999988591, 2535028.571 ], [ 258983.068999999988591, 2535027.535999999847263 ], [ 258978.123, 2535021.794000000227243 ] ] ] } },
{ "type": "Feature", "properties": { }, "geometry": { "type": "Polygon", "coordinates": [ [ [ 258859.365, 2535243.515999999828637 ], [ 258864.536, 2535239.80599999986589 ], [ 258872.787000000011176, 2535239.528 ], [ 258876.336000000010245, 2535242.623999999836087 ], [ 258875.894999999989523, 2535243.325999999884516 ], [ 258874.802, 2535244.401999999769032 ], [ 258869.891, 2535248.126000000163913 ], [ 258864.101, 2535250.285999999847263 ], [ 258862.078, 2535248.566999999806285 ], [ 258859.365, 2535243.515999999828637 ] ] ] } },
{ "type": "Feature", "properties": { }, "geometry": { "type": "Polygon", "coordinates": [ [ [ 258988.908, 2534942.611 ], [ 258983.897999999986496, 2534938.53899999987334 ], [ 258986.272999999986496, 2534934.0 ], [ 258999.312, 2534928.478999999817461 ], [ 259002.196999999985565, 2534929.19 ], [ 259005.077, 2534931.859000000171363 ], [ 259005.608, 2534937.025 ], [ 258989.136999999987893, 2534942.577 ], [ 258988.908, 2534942.611 ] ] ] } },
{ "type": "Feature", "properties": { }, "geometry": { "type": "Polygon", "coordinates": [ [ [ 258682.934, 2535216.08 ], [ 258682.741, 2535212.006 ], [ 258688.486, 2535209.151999999769032 ], [ 258690.996000000013737, 2535209.648 ], [ 258697.329999999987194, 2535214.697000000160187 ], [ 258697.358, 2535214.722 ], [ 258697.962999999988824, 2535217.49599999981001 ], [ 258697.446, 2535218.822999999858439 ], [ 258692.774, 2535223.501999999862164 ], [ 258691.236, 2535222.859999999869615 ], [ 258685.897, 2535218.651999999769032 ], [ 258682.934, 2535216.08 ] ] ] } },
{ "type": "Feature", "properties": { }, "geometry": { "type": "Polygon", "coordinates": [ [ [ 259292.174999999988358, 2534984.997 ], [ 259290.449, 2534984.026999999769032 ], [ 259290.644999999989523, 2534978.42 ], [ 259292.865, 2534977.716 ], [ 259302.72, 2534976.369 ], [ 259303.953, 2534976.561000000219792 ], [ 259304.287000000011176, 2534976.907999999821186 ], [ 259303.48499999998603, 2534977.884999999776483 ], [ 259299.216000000014901, 2534982.705999999772757 ], [ 259292.174999999988358, 2534984.997 ] ] ] } },
{ "type": "Feature", "properties": { }, "geometry": { "type": "Polygon", "coordinates": [ [ [ 258896.549, 2535252.345000000204891 ], [ 258889.699, 2535246.628 ], [ 258895.992, 2535243.063999999780208 ], [ 258899.753, 2535241.419000000227243 ], [ 258904.93, 2535245.15 ], [ 258900.393000000010943, 2535251.063999999780208 ], [ 258897.356, 2535252.265999999828637 ], [ 258896.549, 2535252.345000000204891 ] ] ] } },
{ "type": "Feature", "properties": { }, "geometry": { "type": "Polygon", "coordinates": [ [ [ 259119.462, 2534841.236 ], [ 259122.837999999988824, 2534847.646999999880791 ], [ 259122.022999999986496, 2534849.724 ], [ 259120.926, 2534850.21 ], [ 259117.714, 2534850.136 ], [ 259116.50099999998929, 2534849.83 ], [ 259115.998, 2534847.967999999877065 ], [ 259116.198, 2534846.742 ], [ 259119.462, 2534841.236 ] ] ] } },
{ "type": "Feature", "properties": { }, "geometry": { "type": "Polygon", "coordinates": [ [ [ 258760.221, 2535150.021999999880791 ], [ 258760.094000000011874, 2535152.585 ], [ 258758.102000000013504, 2535154.787 ], [ 258753.274, 2535154.302000000141561 ], [ 258753.237, 2535153.813999999780208 ], [ 258753.657, 2535152.989 ], [ 258760.221, 2535150.021999999880791 ] ] ] } },
{ "type": "Feature", "properties": { }, "geometry": { "type": "Polygon", "coordinates": [ [ [ 258919.992, 2535121.778 ], [ 258921.169, 2535125.299999999813735 ], [ 258917.255, 2535129.04 ], [ 258915.397999999986496, 2535130.08600000012666 ], [ 258911.404, 2535125.973000000230968 ], [ 258911.169, 2535123.072999999858439 ], [ 258911.200000000011642, 2535122.316999999806285 ], [ 258919.992, 2535121.778 ] ] ] } },
{ "type": "Feature", "properties": { }, "geometry": { "type": "Polygon", "coordinates": [ [ [ 259081.133, 2535287.194999999832362 ], [ 259090.434, 2535286.248999999836087 ], [ 259095.106999999989057, 2535291.489 ], [ 259094.864, 2535294.682 ], [ 259083.759, 2535293.486 ], [ 259081.836000000010245, 2535291.288000000175089 ], [ 259081.133, 2535287.194999999832362 ] ] ] } },
{ "type": "Feature", "properties": { }, "geometry": { "type": "Polygon", "coordinates": [ [ [ 258707.203, 2535235.240000000223517 ], [ 258711.908999999985099, 2535230.387000000104308 ], [ 258717.364, 2535234.879999999888241 ], [ 258717.465, 2535237.413000000175089 ], [ 258716.99900000001071, 2535239.841 ], [ 258715.519999999989523, 2535240.268000000156462 ], [ 258711.733, 2535240.045 ], [ 258707.203, 2535235.240000000223517 ] ] ] } },
{ "type": "Feature", "properties": { }, "geometry": { "type": "Polygon", "coordinates": [ [ [ 258680.526000000012573, 2534803.072000000160187 ], [ 258682.704999999987194, 2534801.17 ], [ 258691.266, 2534802.595000000204891 ], [ 258692.01500000001397, 2534805.69 ], [ 258686.566, 2534805.062 ], [ 258680.526000000012573, 2534803.072000000160187 ] ] ] } },
{ "type": "Feature", "properties": { }, "geometry": { "type": "Polygon", "coordinates": [ [ [ 259316.634, 2535068.208000000100583 ], [ 259316.627, 2535066.589999999850988 ], [ 259319.191, 2535065.824 ], [ 259324.459, 2535065.057 ], [ 259316.634, 2535068.208000000100583 ] ] ] } },
{ "type": "Feature", "properties": { }, "geometry": { "type": "Polygon", "coordinates": [ [ [ 258668.924999999988358, 2535171.808999999891967 ], [ 258668.255, 2535176.677999999839813 ], [ 258665.528, 2535177.455999999772757 ], [ 258663.771, 2535173.717999999877065 ], [ 258663.033, 2535169.386 ], [ 258663.161, 2535167.991 ], [ 258668.924999999988358, 2535171.808999999891967 ] ] ] } },
{ "type": "Feature", "properties": { }, "geometry": { "type": "Polygon", "coordinates": [ [ [ 258578.854, 2534931.723000000230968 ], [ 258579.388, 2534926.936000000219792 ], [ 258587.537000000011176, 2534928.311000000219792 ], [ 258588.102000000013504, 2534929.207 ], [ 258588.91, 2534931.125 ], [ 258587.307, 2534931.825000000186265 ], [ 258578.854, 2534931.723000000230968 ] ] ] } },
{ "type": "Feature", "properties": { }, "geometry": { "type": "Polygon", "coordinates": [ [ [ 258983.661, 2535063.719 ], [ 258986.663, 2535064.279999999795109 ], [ 258990.178000000014435, 2535070.512000000104308 ], [ 258990.74900000001071, 2535071.673 ], [ 258983.729, 2535072.808000000193715 ], [ 258982.032, 2535071.103000000119209 ], [ 258982.199, 2535065.38799999980256 ], [ 258983.661, 2535063.719 ] ] ] } },
{ "type": "Feature", "properties": { }, "geometry": { "type": "Polygon", "coordinates": [ [ [ 258831.293, 2535120.424999999813735 ], [ 258837.204, 2535114.075000000186265 ], [ 258837.279, 2535114.123999999836087 ], [ 258840.649, 2535120.995000000111759 ], [ 258838.34, 2535122.899000000208616 ], [ 258833.795000000012806, 2535122.975999999791384 ], [ 258831.293, 2535120.424999999813735 ] ] ] } },
{ "type": "Feature", "properties": { }, "geometry": { "type": "Polygon", "coordinates": [ [ [ 258894.386999999987893, 2535398.600999999791384 ], [ 258894.979, 2535397.009999999776483 ], [ 258897.075000000011642, 2535397.106999999843538 ], [ 258903.668, 2535399.572000000160187 ], [ 258904.892, 2535401.333999999798834 ], [ 258904.794, 2535401.332 ], [ 258897.99299999998766, 2535400.529 ], [ 258896.81, 2535400.03899999987334 ], [ 258894.386999999987893, 2535398.600999999791384 ] ] ] } },
{ "type": "Feature", "properties": { }, "geometry": { "type": "Polygon", "coordinates": [ [ [ 258904.525, 2534959.207 ], [ 258903.121000000013737, 2534957.518000000156462 ], [ 258904.6, 2534955.261 ], [ 258907.14000000001397, 2534954.179 ], [ 258914.272, 2534956.643999999854714 ], [ 258915.818, 2534957.744 ], [ 258913.91, 2534958.185 ], [ 258904.525, 2534959.207 ] ] ] } },
{ "type": "Feature", "properties": { }, "geometry": { "type": "Polygon", "coordinates": [ [ [ 258942.953, 2534943.453000000212342 ], [ 258946.00099999998929, 2534940.859999999869615 ], [ 258952.50099999998929, 2534945.203000000212342 ], [ 258952.923, 2534945.765000000130385 ], [ 258952.46, 2534949.075999999884516 ], [ 258948.085, 2534950.25 ], [ 258946.549999999988358, 2534950.001000000163913 ], [ 258946.006, 2534949.796999999787658 ], [ 258942.953, 2534943.453000000212342 ] ] ] } },
{ "type": "Feature", "properties": { }, "geometry": { "type": "Polygon", "coordinates": [ [ [ 259326.897, 2534967.222 ], [ 259331.46, 2534969.98 ], [ 259330.352000000013504, 2534970.998000000137836 ], [ 259326.473, 2534972.893000000156462 ], [ 259321.958000000013271, 2534973.972 ], [ 259320.497, 2534974.166999999899417 ], [ 259320.097, 2534973.251999999862164 ], [ 259322.912000000011176, 2534969.737999999895692 ], [ 259326.897, 2534967.222 ] ] ] } },
{ "type": "Feature", "properties": { }, "geometry": { "type": "Polygon", "coordinates": [ [ [ 258723.043, 2535108.034 ], [ 258723.075000000011642, 2535102.171999999787658 ], [ 258724.077, 2535101.671 ], [ 258724.684, 2535102.437 ], [ 258726.466000000014901, 2535107.117 ], [ 258725.321, 2535107.626000000163913 ], [ 258723.043, 2535108.034 ] ] ] } },
{ "type": "Feature", "properties": { }, "geometry": { "type": "Polygon", "coordinates": [ [ [ 258972.795000000012806, 2535255.097 ], [ 258977.177, 2535249.512000000104308 ], [ 258979.679, 2535249.94400000013411 ], [ 258983.294, 2535251.98 ], [ 258983.921, 2535255.177000000141561 ], [ 258980.49299999998766, 2535258.957 ], [ 258977.356, 2535259.839999999850988 ], [ 258972.795000000012806, 2535255.097 ] ] ] } },
{ "type": "Feature", "properties": { }, "geometry": { "type": "Polygon", "coordinates": [ [ [ 259092.606, 2534959.19 ], [ 259089.0, 2534965.717999999877065 ], [ 259087.804, 2534965.433000000193715 ], [ 259083.946, 2534964.373000000137836 ], [ 259083.923, 2534963.633 ], [ 259084.165, 2534957.767 ], [ 259084.496000000013737, 2534957.221 ], [ 259088.411, 2534956.75 ], [ 259092.606, 2534959.19 ] ] ] } },
{ "type": "Feature", "properties": { }, "geometry": { "type": "Polygon", "coordinates": [ [ [ 258843.26, 2535114.595000000204891 ], [ 258835.63, 2535110.602 ], [ 258839.585, 2535104.930000000167638 ], [ 258842.431000000011409, 2535105.966 ], [ 258845.761, 2535107.191999999806285 ], [ 258846.005, 2535107.490000000223517 ], [ 258845.892, 2535110.221 ], [ 258843.26, 2535114.595000000204891 ] ] ] } },
{ "type": "Feature", "properties": { }, "geometry": { "type": "Polygon", "coordinates": [ [ [ 258952.089, 2534810.987999999895692 ], [ 258949.424999999988358, 2534800.853999999817461 ], [ 258953.204999999987194, 2534800.992 ], [ 258955.902, 2534802.13799999980256 ], [ 258957.073, 2534807.083999999798834 ], [ 258955.486, 2534809.475 ], [ 258952.089, 2534810.987999999895692 ] ] ] } },
{ "type": "Feature", "properties": { }, "geometry": { "type": "Polygon", "coordinates": [ [ [ 258863.157, 2535093.643999999854714 ], [ 258859.901000000012573, 2535089.35 ], [ 258866.935999999986961, 2535085.373000000137836 ], [ 258868.068999999988591, 2535085.822000000160187 ], [ 258869.323, 2535087.552999999839813 ], [ 258869.546, 2535088.023 ], [ 258870.143000000010943, 2535089.467000000178814 ], [ 258869.859, 2535089.987999999895692 ], [ 258868.975, 2535090.637000000104308 ], [ 258863.157, 2535093.643999999854714 ] ] ] } },
{ "type": "Feature", "properties": { }, "geometry": { "type": "Polygon", "coordinates": [ [ [ 258677.169, 2535230.333000000100583 ], [ 258671.527, 2535233.339999999850988 ], [ 258667.711000000010245, 2535231.761 ], [ 258667.188, 2535227.24599999981001 ], [ 258671.541, 2535226.134 ], [ 258675.608, 2535226.335 ], [ 258676.328, 2535227.025 ], [ 258677.169, 2535230.333000000100583 ] ] ] } },
{ "type": "Feature", "properties": { }, "geometry": { "type": "Polygon", "coordinates": [ [ [ 258657.684, 2535086.472 ], [ 258661.462999999988824, 2535081.03899999987334 ], [ 258663.335, 2535081.756 ], [ 258665.662000000011176, 2535082.714999999850988 ], [ 258666.245, 2535089.37900000018999 ], [ 258665.278, 2535089.881 ], [ 258658.454, 2535086.886 ], [ 258657.684, 2535086.472 ] ] ] } },
{ "type": "Feature", "properties": { }, "geometry": { "type": "Polygon", "coordinates": [ [ [ 258713.094000000011874, 2535356.151 ], [ 258712.951, 2535354.227 ], [ 258714.075000000011642, 2535352.538000000175089 ], [ 258714.546, 2535352.507000000216067 ], [ 258722.554, 2535355.401999999769032 ], [ 258723.074, 2535356.86200000019744 ], [ 258721.439000000013039, 2535359.214000000152737 ], [ 258718.587, 2535360.325000000186265 ], [ 258713.094000000011874, 2535356.151 ] ] ] } },
{ "type": "Feature", "properties": { }, "geometry": { "type": "Polygon", "coordinates": [ [ [ 259153.644, 2535159.852 ], [ 259151.51, 2535162.76299999980256 ], [ 259145.211000000010245, 2535163.085 ], [ 259144.230000000010477, 2535158.551 ], [ 259143.703, 2535155.257000000216067 ], [ 259146.96, 2535155.112999999895692 ], [ 259153.644, 2535159.852 ] ] ] } },
{ "type": "Feature", "properties": { }, "geometry": { "type": "Polygon", "coordinates": [ [ [ 258735.939000000013039, 2535211.728000000119209 ], [ 258725.081, 2535214.967999999877065 ], [ 258725.88, 2535208.616 ], [ 258726.241, 2535208.265999999828637 ], [ 258729.557999999989988, 2535207.955 ], [ 258735.939000000013039, 2535211.728000000119209 ] ] ] } }
]
}
